task,team,user,is_user_with_correct_submission,timestamp,elapsed_since_task_start_ms,correct_submission_time_ms,rank_video,rank_shot_margin_0,rank_shot_margin_5,category,type,value,additionals
vbs23-kis-v1,CVHunter,1,0,1673259626784,13471,,inf,inf,inf,TEXT,JointEmbedding,"CLIP: man in sport hall, backflip",
vbs23-kis-v1,CVHunter,1,0,1673259628298,14985,,inf,inf,inf,TEXT,JointEmbedding,"CLIP: man in sport hall, backflip",
vbs23-kis-v1,CVHunter,0,0,1673259628480,15167,,inf,inf,inf,TEXT,JointEmbedding,CLIP: man making salto on a stadion,
vbs23-kis-v1,CVHunter,0,0,1673259630309,16996,,inf,inf,inf,TEXT,JointEmbedding,CLIP: man making salto on a stadion,
vbs23-kis-v1,CVHunter,1,0,1673259634686,21373,,inf,inf,inf,TEXT,JointEmbedding,"CLIP: man in sport hall, backflip, american",
vbs23-kis-v1,CVHunter,1,0,1673259636275,22962,,inf,inf,inf,TEXT,JointEmbedding,"CLIP: man in sport hall, backflip, american",
vbs23-kis-v1,CVHunter,0,0,1673259639949,26636,,2762.0,inf,inf,TEXT,JointEmbedding,CLIP: man making salto on an indoor hall,
vbs23-kis-v1,CVHunter,0,0,1673259641754,28441,,2762.0,inf,inf,TEXT,JointEmbedding,CLIP: man making salto on an indoor hall,
vbs23-kis-v1,CVHunter,1,0,1673259649162,35849,,inf,inf,inf,TEXT,JointEmbedding,"CLIP: man in sport hall, backflip, american shirt",
vbs23-kis-v1,CVHunter,1,0,1673259650584,37271,,inf,inf,inf,TEXT,JointEmbedding,"CLIP: man in sport hall, backflip, american shirt",
vbs23-kis-v1,CVHunter,1,0,1673259657191,43878,,1241.0,inf,inf,TEXT,JointEmbedding,"CLIP: man in sport hall, backflip, american flag shirt",
vbs23-kis-v1,CVHunter,1,0,1673259658637,45324,,1241.0,inf,inf,TEXT,JointEmbedding,"CLIP: man in sport hall, backflip, american flag shirt",
vbs23-kis-v1,CVHunter,0,0,1673259660733,47420,,576.0,inf,inf,TEXT,JointEmbedding,Temporal CLIP: man making salto on an indoor hall > man dancing in an indoor hall,
vbs23-kis-v1,CVHunter,0,0,1673259663341,50028,,576.0,inf,inf,TEXT,JointEmbedding,Temporal CLIP: man making salto on an indoor hall > man dancing in an indoor hall,
vbs23-kis-v1,CVHunter,1,0,1673259666060,52747,,1172.0,8404.0,8404.0,TEXT,JointEmbedding,"CLIP: black man in sport hall, backflip, american flag shirt",
vbs23-kis-v1,CVHunter,1,0,1673259667464,54151,,1172.0,8404.0,8404.0,TEXT,JointEmbedding,"CLIP: black man in sport hall, backflip, american flag shirt",
vbs23-kis-v1,CVHunter,1,0,1673259676522,63209,,4257.0,inf,inf,IMAGE,JointEmbedding,14556:4540 : rows=True,
vbs23-kis-v1,CVHunter,1,0,1673259682958,69645,,inf,inf,inf,BROWSING,SimilarityDetailClose,14556:4540,1673259667464
vbs23-kis-v1,CVHunter,0,0,1673259685387,72074,,174.0,9614.0,9614.0,TEXT,JointEmbedding,Temporal CLIP: man in blue dress jumping in an indoor hall > man dancing in an indoor hall,
vbs23-kis-v1,CVHunter,0,0,1673259687773,74460,,174.0,9614.0,9614.0,TEXT,JointEmbedding,Temporal CLIP: man in blue dress jumping in an indoor hall > man dancing in an indoor hall,
vbs23-kis-v1,CVHunter,0,0,1673259695006,81693,,887.0,887.0,887.0,TEXT,JointEmbedding,CLIP: man in blue dress jumping in an indoor hall,
vbs23-kis-v1,CVHunter,0,0,1673259696666,83353,,887.0,887.0,887.0,TEXT,JointEmbedding,CLIP: man in blue dress jumping in an indoor hall,
vbs23-kis-v1,CVHunter,0,0,1673259707437,94124,,665.0,665.0,665.0,TEXT,JointEmbedding,CLIP: man in blue dress jumping in an indoor hall in front of an audience,
vbs23-kis-v1,CVHunter,0,0,1673259709082,95769,,665.0,665.0,665.0,TEXT,JointEmbedding,CLIP: man in blue dress jumping in an indoor hall in front of an audience,
vbs23-kis-v1,CVHunter,1,0,1673259709881,96568,,850.0,2873.0,2873.0,IMAGE,JointEmbedding,15907:150509 : rows=True,
vbs23-kis-v1,CVHunter,1,0,1673259716262,102949,,inf,inf,inf,BROWSING,SimilarityDetailClose,15907:150509,1673259667464
vbs23-kis-v1,CVHunter,1,0,1673259725322,112009,,inf,inf,inf,IMAGE,JointEmbedding,13583:1513 : rows=True,
vbs23-kis-v1,CVHunter,1,0,1673259728930,115617,,inf,inf,inf,BROWSING,SimilarityDetailClose,13583:1513,1673259667464
vbs23-kis-v1,CVHunter,1,0,1673259738063,124750,,337.0,inf,inf,TEXT,JointEmbedding,"CLIP: black man in sport hall, american flag shirt",
vbs23-kis-v1,CVHunter,1,0,1673259739388,126075,,337.0,inf,inf,TEXT,JointEmbedding,"CLIP: black man in sport hall, american flag shirt",
vbs23-kis-v1,CVHunter,0,0,1673259743415,130102,,108.0,922.0,922.0,TEXT,JointEmbedding,Temporal CLIP: man in blue dress jumping in an indoor hall in front of an audience > camera filming in a sport hall,
vbs23-kis-v1,CVHunter,0,0,1673259745897,132584,,108.0,922.0,922.0,TEXT,JointEmbedding,Temporal CLIP: man in blue dress jumping in an indoor hall in front of an audience > camera filming in a sport hall,
vbs23-kis-v1,CVHunter,1,0,1673259759650,146337,,224.0,inf,inf,TEXT,JointEmbedding,"CLIP: black man in sport hall full of people, american flag shirt",
vbs23-kis-v1,CVHunter,1,0,1673259761185,147872,,224.0,inf,inf,TEXT,JointEmbedding,"CLIP: black man in sport hall full of people, american flag shirt",
vbs23-kis-v1,CVHunter,1,0,1673259772994,159681,,700.0,1975.0,1975.0,IMAGE,JointEmbedding,5494:41100 : rows=True,
vbs23-kis-v1,CVHunter,0,0,1673259787986,174673,,2571.0,inf,7858.0,TEXT,JointEmbedding,CLIP: basketball player making salto,
vbs23-kis-v1,CVHunter,0,0,1673259789733,176420,,2571.0,inf,7858.0,TEXT,JointEmbedding,CLIP: basketball player making salto,
vbs23-kis-v1,CVHunter,0,0,1673259822800,209487,,62.0,1054.0,1054.0,TEXT,JointEmbedding,CLIP: basketball player making salto in a sport hall with audience,
vbs23-kis-v1,CVHunter,0,0,1673259824539,211226,,62.0,1054.0,1054.0,TEXT,JointEmbedding,CLIP: basketball player making salto in a sport hall with audience,
vbs23-kis-v1,CVHunter,1,0,1673259829428,216115,,inf,inf,inf,BROWSING,SimilarityDetailClose,5494:41100,1673259761185
vbs23-kis-v1,CVHunter,0,0,1673259855464,242151,,125.0,1874.0,1874.0,IMAGE,feedbackModel,Bayes CLIP 7360:28844_10905:29123_16061:1875_9071:8944_16061:16125_14792:10092_13207:1794_7728:20675_10905:76588_16144:5688_| group:1|16144:3081_11493:29011_5494:22350_,
vbs23-kis-v1,CVHunter,1,0,1673259871734,258421,,129.0,inf,inf,TEXT,JointEmbedding,"CLIP: dancing men in sport hall full of people, american flag shirt",
vbs23-kis-v1,CVHunter,1,0,1673259873194,259881,,129.0,inf,inf,TEXT,JointEmbedding,"CLIP: dancing men in sport hall full of people, american flag shirt",
vbs23-kis-v1,CVHunter,0,0,1673259888670,275357,,21.0,339.0,339.0,TEXT,JointEmbedding,CLIP: basketball player in white dress making salto in a sport hall with audience,
vbs23-kis-v1,CVHunter,0,0,1673259890411,277098,,21.0,339.0,339.0,TEXT,JointEmbedding,CLIP: basketball player in white dress making salto in a sport hall with audience,
vbs23-kis-v1,CVHunter,1,0,1673259906497,293184,,576.0,inf,inf,TEXT,JointEmbedding,"CLIP: dancing men in sport hall, american flag shirt",
vbs23-kis-v1,CVHunter,1,0,1673259907777,294464,,576.0,inf,inf,TEXT,JointEmbedding,"CLIP: dancing men in sport hall, american flag shirt",
vbs23-kis-t1,CVHunter,1,1,1673260389659,16798,345478.0,11.0,306.0,207.0,TEXT,JointEmbedding,CLIP: kids in kayaks on a river,
vbs23-kis-t1,CVHunter,1,1,1673260391169,18308,345478.0,11.0,306.0,207.0,TEXT,JointEmbedding,CLIP: kids in kayaks on a river,
vbs23-kis-t1,CVHunter,0,0,1673260392327,19466,345478.0,18.0,522.0,125.0,TEXT,JointEmbedding,CLIP: kids in kayaks on a river throwing paddles,
vbs23-kis-t1,CVHunter,0,0,1673260393758,20897,345478.0,18.0,522.0,125.0,TEXT,JointEmbedding,CLIP: kids in kayaks on a river throwing paddles,
vbs23-kis-t1,CVHunter,0,0,1673260402970,30109,345478.0,inf,inf,inf,BROWSING,DetailWindowOpen,15022:6054,
vbs23-kis-t1,CVHunter,0,0,1673260406982,34121,345478.0,inf,inf,inf,BROWSING,DetailWindowClose,15022:6054,
vbs23-kis-t1,CVHunter,0,0,1673260409521,36660,345478.0,inf,inf,inf,BROWSING,DetailWindowOpen,15185:450,
vbs23-kis-t1,CVHunter,1,1,1673260410427,37566,345478.0,18.0,522.0,125.0,TEXT,JointEmbedding,CLIP: kids in kayaks on a river throwing paddles,
vbs23-kis-t1,CVHunter,1,1,1673260411824,38963,345478.0,18.0,522.0,125.0,TEXT,JointEmbedding,CLIP: kids in kayaks on a river throwing paddles,
vbs23-kis-t1,CVHunter,0,0,1673260412871,40010,345478.0,inf,inf,inf,BROWSING,DetailWindowClose,15185:450,
vbs23-kis-t1,CVHunter,0,0,1673260425436,52575,345478.0,185.0,255.0,255.0,TEXT,JointEmbedding,Temporal CLIP: kids in kayaks on a river throwing paddles >coloured hoops,
vbs23-kis-t1,CVHunter,0,0,1673260427393,54532,345478.0,185.0,255.0,255.0,TEXT,JointEmbedding,Temporal CLIP: kids in kayaks on a river throwing paddles >coloured hoops,
vbs23-kis-t1,CVHunter,1,1,1673260433905,61044,345478.0,inf,inf,inf,BROWSING,VideoDetailOpen,3919:41628,
vbs23-kis-t1,CVHunter,1,1,1673260437853,64992,345478.0,inf,inf,inf,BROWSING,VideoDetailClose,3919:41628,1673260411824
vbs23-kis-t1,CVHunter,0,0,1673260450068,77207,345478.0,89.0,459.0,459.0,TEXT,JointEmbedding,Temporal CLIP: kids in red kayaks on a river > throwing paddles,
vbs23-kis-t1,CVHunter,0,0,1673260452053,79192,345478.0,89.0,459.0,459.0,TEXT,JointEmbedding,Temporal CLIP: kids in red kayaks on a river > throwing paddles,
vbs23-kis-t1,CVHunter,1,1,1673260465340,92479,345478.0,166.0,732.0,725.0,TEXT,JointEmbedding,CLIP: kids in red kayaks on a river throwing paddles,
vbs23-kis-t1,CVHunter,1,1,1673260466602,93741,345478.0,166.0,732.0,725.0,TEXT,JointEmbedding,CLIP: kids in red kayaks on a river throwing paddles,
vbs23-kis-t1,CVHunter,0,0,1673260470489,97628,345478.0,142.0,375.0,375.0,TEXT,JointEmbedding,Temporal CLIP: kids in red kayaks and red paddles on a river > throwing paddles,
vbs23-kis-t1,CVHunter,0,0,1673260473200,100339,345478.0,142.0,375.0,375.0,TEXT,JointEmbedding,Temporal CLIP: kids in red kayaks and red paddles on a river > throwing paddles,
vbs23-kis-t1,CVHunter,1,1,1673260474510,101649,345478.0,174.0,322.0,322.0,TEXT,JointEmbedding,CLIP: kids in red kayaks on a river,
vbs23-kis-t1,CVHunter,1,1,1673260475660,102799,345478.0,174.0,322.0,322.0,TEXT,JointEmbedding,CLIP: kids in red kayaks on a river,
vbs23-kis-t1,CVHunter,0,0,1673260510154,137293,345478.0,7.0,44.0,44.0,TEXT,JointEmbedding,Temporal CLIP: children in red kayaks and red paddles on a river > spectators on the river,
vbs23-kis-t1,CVHunter,0,0,1673260512193,139332,345478.0,7.0,44.0,44.0,TEXT,JointEmbedding,Temporal CLIP: children in red kayaks and red paddles on a river > spectators on the river,
vbs23-kis-t1,CVHunter,0,0,1673260514761,141900,345478.0,inf,inf,inf,BROWSING,VideoDetailOpen,15185:2602,
vbs23-kis-t1,CVHunter,0,0,1673260523160,150299,345478.0,inf,inf,inf,BROWSING,VideoDetailClose,15185:2602,1673260512193.0
vbs23-kis-t1,CVHunter,0,0,1673260525021,152160,345478.0,inf,inf,inf,BROWSING,DetailWindowOpen,15185:2602,
vbs23-kis-t1,CVHunter,1,1,1673260526881,154020,345478.0,inf,inf,inf,BROWSING,VideoDetailOpen,11463:818,
vbs23-kis-t1,CVHunter,0,0,1673260537982,165121,345478.0,inf,inf,inf,BROWSING,DetailWindowClose,15185:2602,
vbs23-kis-t1,CVHunter,1,1,1673260539063,166202,345478.0,inf,inf,inf,BROWSING,VideoDetailClose,11463:818,1673260475660
vbs23-kis-t1,CVHunter,1,1,1673260563282,190421,345478.0,inf,inf,inf,BROWSING,VideoDetailOpen,15005:3769,
vbs23-kis-t1,CVHunter,1,1,1673260566371,193510,345478.0,inf,inf,inf,BROWSING,VideoDetailClose,15005:3769,1673260475660
vbs23-kis-t1,CVHunter,0,0,1673260570198,197337,345478.0,inf,inf,inf,BROWSING,VideoDetailOpen,15185:2602,
vbs23-kis-t1,CVHunter,1,1,1673260598163,225302,345478.0,inf,inf,inf,BROWSING,VideoDetailOpen,11463:3975,
vbs23-kis-t1,CVHunter,1,1,1673260600684,227823,345478.0,inf,inf,inf,BROWSING,VideoDetailClose,11463:3975,1673260475660
vbs23-kis-t1,CVHunter,0,0,1673260601518,228657,345478.0,inf,inf,inf,BROWSING,VideoDetailClose,15185:2602,1673260512193.0
vbs23-kis-t1,CVHunter,1,1,1673260608992,236131,345478.0,inf,inf,inf,BROWSING,TextSuggestionSelected,whirlpool,
vbs23-kis-t1,CVHunter,1,1,1673260611026,238165,345478.0,13.0,473.0,44.0,IMAGE,JointEmbedding,15524:7162 : rows=True,
vbs23-kis-t1,CVHunter,1,1,1673260616546,243685,345478.0,inf,inf,inf,BROWSING,VideoDetailOpen,15524:7712,
vbs23-kis-t1,CVHunter,1,1,1673260622632,249771,345478.0,inf,inf,inf,BROWSING,VideoDetailClose,15524:7712,1673260611026
vbs23-kis-t1,CVHunter,0,0,1673260631228,258367,345478.0,148.0,201.0,201.0,IMAGE,feedbackModel,Temporal Bayes CLIP 15185:2572_15524:7862_6448:1975_9122:7638_11399:50837_15185:13500_13873:3944_15185:15630_6807:6593_13141:3812_| group:1|15185:2775_,
vbs23-kis-t1,CVHunter,0,0,1673260640408,267547,345478.0,inf,inf,inf,BROWSING,3P/Video,,
vbs23-kis-t1,CVHunter,1,1,1673260641311,268450,345478.0,1.0,38.0,38.0,IMAGE,JointEmbedding,13873:3369 : rows=True,
vbs23-kis-t1,CVHunter,1,1,1673260647039,274178,345478.0,1.0,561.0,53.0,IMAGE,JointEmbedding,13873:2438 : rows=True,
vbs23-kis-t1,CVHunter,0,0,1673260660074,287213,345478.0,inf,inf,inf,BROWSING,VideoDetailOpen,13873:3725,
vbs23-kis-t1,CVHunter,1,1,1673260667018,294157,345478.0,inf,inf,inf,BROWSING,VideoDetailOpen,7826:3794,
vbs23-kis-t1,CVHunter,0,0,1673260675469,302608,345478.0,inf,inf,inf,BROWSING,DetailWindowOpen,13873:3725,
vbs23-kis-t1,CVHunter,1,1,1673260677465,304604,345478.0,inf,inf,inf,BROWSING,VideoDetailClose,7826:3794,1673260647039
vbs23-kis-t1,CVHunter,1,1,1673260696408,323547,345478.0,inf,inf,inf,BROWSING,VideoDetailOpen,13873:981,
vbs23-kis-t1,CVHunter,0,0,1673260700402,327541,345478.0,inf,inf,inf,BROWSING,DetailWindowClose,13873:3725,
vbs23-kis-t1,CVHunter,0,0,1673260703351,330490,345478.0,inf,inf,inf,BROWSING,VideoDetailClose,13873:3725,1673260631228.0
vbs23-kis-t1,CVHunter,0,0,1673260714667,341806,345478.0,18.0,107.0,107.0,IMAGE,feedbackModel,Temporal Bayes CLIP 15185:13672_11523:5331_15051:697_104:6668_15022:5672_7799:3551_6807:7043_12881:3758_1751:2913_12728:9494_| group:1|13873:3725_,
vbs23-kis-t1,CVHunter,1,1,1673260715143,342282,345478.0,inf,inf,inf,BROWSING,DetailWindowOpen,13873:1469,
vbs23-kis-t1,CVHunter,1,1,1673260718286,345425,345478.0,inf,inf,inf,BROWSING,DetailWindowClose,13873:1469,
vbs23-kis-t1,CVHunter,1,1,1673260718364,345503,345478.0,inf,inf,inf,SUBMIT,,?item=13872&frame=1481&session=node0ncp3v4rmms401wddfckpfb4w7912,"{""submission"":""CORRECT"" ""description"":""Submission correct!"" ""status"":true}"
vbs23-kis-t2,CVHunter,1,1,1673260918551,21907,102992.0,4.0,4.0,4.0,TEXT,JointEmbedding,CLIP: kids with glue and egg carton,
vbs23-kis-t2,CVHunter,0,0,1673260919101,22457,102992.0,949.0,949.0,949.0,TEXT,JointEmbedding,Temporal CLIP: hands of a kid applying glue to an carton > carton sculpture,
vbs23-kis-t2,CVHunter,1,1,1673260919945,23301,102992.0,4.0,4.0,4.0,TEXT,JointEmbedding,CLIP: kids with glue and egg carton,
vbs23-kis-t2,CVHunter,0,0,1673260921111,24467,102992.0,949.0,949.0,949.0,TEXT,JointEmbedding,Temporal CLIP: hands of a kid applying glue to an carton > carton sculpture,
vbs23-kis-t2,CVHunter,0,0,1673260932653,36009,102992.0,inf,inf,inf,BROWSING,DetailWindowOpen,5877:1116,
vbs23-kis-t2,CVHunter,1,1,1673260937745,41101,102992.0,227.0,227.0,227.0,IMAGE,JointEmbedding,3562:2369 : rows=True,
vbs23-kis-t2,CVHunter,1,1,1673260943781,47137,102992.0,inf,inf,inf,BROWSING,SimilarityDetailClose,3562:2369,1673260919945
vbs23-kis-t2,CVHunter,0,0,1673260949724,53080,102992.0,inf,inf,inf,BROWSING,DetailWindowClose,5877:1116,
vbs23-kis-t2,CVHunter,1,1,1673260949862,53218,102992.0,inf,inf,inf,BROWSING,DetailWindowOpen,3358:8469,
vbs23-kis-t2,CVHunter,1,1,1673260953120,56476,102992.0,inf,inf,inf,BROWSING,DetailWindowClose,3358:8469,
vbs23-kis-t2,CVHunter,1,1,1673260967613,70969,102992.0,227.0,227.0,227.0,IMAGE,JointEmbedding,3562:2369 : rows=True,
vbs23-kis-t2,CVHunter,1,1,1673260970256,73612,102992.0,inf,inf,inf,BROWSING,SimilarityDetailClose,3562:2369,1673260919945
vbs23-kis-t2,CVHunter,0,0,1673260971286,74642,102992.0,328.0,328.0,328.0,TEXT,JointEmbedding,Temporal CLIP: hands of a kid applying glue to an egg carton > carton sculpture,
vbs23-kis-t2,CVHunter,0,0,1673260973409,76765,102992.0,328.0,328.0,328.0,TEXT,JointEmbedding,Temporal CLIP: hands of a kid applying glue to an egg carton > carton sculpture,
vbs23-kis-t2,CVHunter,1,1,1673260974314,77670,102992.0,inf,inf,inf,BROWSING,VideoDetailOpen,13063:3588,
vbs23-kis-t2,CVHunter,1,1,1673260979842,83198,102992.0,inf,inf,inf,BROWSING,VideoDetailClose,13063:3588,1673260919945
vbs23-kis-t2,CVHunter,1,1,1673260981518,84874,102992.0,inf,inf,inf,BROWSING,VideoDetailOpen,13063:3588,
vbs23-kis-t2,CVHunter,1,1,1673260998270,101626,102992.0,inf,inf,inf,BROWSING,DetailWindowOpen,13063:3650,
vbs23-kis-t2,CVHunter,1,1,1673260999585,102941,102992.0,inf,inf,inf,BROWSING,DetailWindowClose,13063:3650,
vbs23-kis-t2,CVHunter,1,1,1673260999671,103027,102992.0,inf,inf,inf,SUBMIT,,?item=13062&frame=3650&session=node0ncp3v4rmms401wddfckpfb4w7912,"{""submission"":""CORRECT"" ""description"":""Submission correct!"" ""status"":true}"
vbs23-kis-t3,CVHunter,1,0,1673261414916,13617,,142.0,142.0,142.0,TEXT,JointEmbedding,CLIP: glass roof of a lift,
vbs23-kis-t3,CVHunter,1,0,1673261416282,14983,,142.0,142.0,142.0,TEXT,JointEmbedding,CLIP: glass roof of a lift,
vbs23-kis-t3,CVHunter,0,0,1673261417238,15939,,68.0,68.0,68.0,TEXT,JointEmbedding,CLIP: a view through the glass roof of a lift,
vbs23-kis-t3,CVHunter,0,0,1673261418716,17417,,68.0,68.0,68.0,TEXT,JointEmbedding,CLIP: a view through the glass roof of a lift,
vbs23-kis-t3,CVHunter,1,0,1673261424854,23555,,133.0,133.0,133.0,TEXT,JointEmbedding,CLIP: glass roof of a lift cabin upwards,
vbs23-kis-t3,CVHunter,1,0,1673261426471,25172,,133.0,133.0,133.0,TEXT,JointEmbedding,CLIP: glass roof of a lift cabin upwards,
vbs23-kis-t3,CVHunter,0,0,1673261431166,29867,,inf,inf,inf,BROWSING,VideoDetailOpen,16401:1862,
vbs23-kis-t3,CVHunter,0,0,1673261437048,35749,,inf,inf,inf,BROWSING,VideoDetailClose,16401:1862,1673261418716.0
vbs23-kis-t3,CVHunter,0,0,1673261438894,37595,,inf,inf,inf,BROWSING,DetailWindowOpen,16401:1862,
vbs23-kis-t3,CVHunter,0,0,1673261444301,43002,,inf,inf,inf,BROWSING,DetailWindowClose,16401:1862,
vbs23-kis-t3,CVHunter,0,0,1673261447813,46514,,inf,inf,inf,BROWSING,DetailWindowOpen,15007:1500,
vbs23-kis-t3,CVHunter,0,0,1673261449494,48195,,inf,inf,inf,BROWSING,DetailWindowClose,15007:1500,
vbs23-kis-t3,CVHunter,0,0,1673261455909,54610,,inf,inf,inf,BROWSING,DetailWindowOpen,628:4953,
vbs23-kis-t3,CVHunter,1,0,1673261456295,54996,,128.0,128.0,128.0,TEXT,JointEmbedding,CLIP: glass roof of a lift cabin,
vbs23-kis-t3,CVHunter,1,0,1673261457724,56425,,128.0,128.0,128.0,TEXT,JointEmbedding,CLIP: glass roof of a lift cabin,
vbs23-kis-t3,CVHunter,0,0,1673261459339,58040,,inf,inf,inf,BROWSING,DetailWindowClose,628:4953,
vbs23-kis-t3,CVHunter,0,0,1673261460793,59494,,inf,inf,inf,BROWSING,DetailWindowOpen,14480:12269,
vbs23-kis-t3,CVHunter,0,0,1673261464302,63003,,inf,inf,inf,BROWSING,DetailWindowClose,14480:12269,
vbs23-kis-t3,CVHunter,0,0,1673261479115,77816,,inf,inf,inf,BROWSING,DetailWindowOpen,8876:6976,
vbs23-kis-t3,CVHunter,1,0,1673261482603,81304,,inf,inf,inf,IMAGE,JointEmbedding,14832:4795 : rows=True,
vbs23-kis-t3,CVHunter,0,0,1673261483315,82016,,inf,inf,inf,BROWSING,DetailWindowClose,8876:6976,
vbs23-kis-t3,CVHunter,0,0,1673261486791,85492,,inf,inf,inf,BROWSING,DetailWindowOpen,11322:11588,
vbs23-kis-t3,CVHunter,1,0,1673261486941,85642,,inf,inf,inf,BROWSING,SimilarityDetailClose,14832:4795,1673261457724
vbs23-kis-t3,CVHunter,1,0,1673261491463,90164,,85.0,85.0,85.0,IMAGE,JointEmbedding,628:4773 : rows=True,
vbs23-kis-t3,CVHunter,1,0,1673261497636,96337,,inf,inf,inf,BROWSING,SimilarityDetailClose,628:4773,1673261457724
vbs23-kis-t3,CVHunter,0,0,1673261499538,98239,,inf,inf,inf,BROWSING,DetailWindowClose,11322:11588,
vbs23-kis-t3,CVHunter,0,0,1673261504315,103016,,inf,inf,inf,BROWSING,DetailWindowOpen,269:7680,
vbs23-kis-t3,CVHunter,1,0,1673261504727,103428,,1342.0,1342.0,1342.0,IMAGE,JointEmbedding,16432:1221 : rows=True,
vbs23-kis-t3,CVHunter,0,0,1673261508269,106970,,inf,inf,inf,BROWSING,DetailWindowClose,269:7680,
vbs23-kis-t3,CVHunter,1,0,1673261514605,113306,,inf,inf,inf,BROWSING,SimilarityDetailClose,16432:1221,1673261457724
vbs23-kis-t3,CVHunter,0,0,1673261514765,113466,,inf,inf,inf,BROWSING,DetailWindowOpen,14480:12312,
vbs23-kis-t3,CVHunter,0,0,1673261516686,115387,,inf,inf,inf,BROWSING,DetailWindowClose,14480:12312,
vbs23-kis-t3,CVHunter,0,0,1673261519063,117764,,inf,inf,inf,BROWSING,3P/Video,,
vbs23-kis-t3,CVHunter,0,0,1673261541376,140077,,102.0,102.0,102.0,TEXT,JointEmbedding,CLIP: a view through the glass roof of a lift. vires of the lift visible,
vbs23-kis-t3,CVHunter,0,0,1673261544188,142889,,102.0,102.0,102.0,TEXT,JointEmbedding,CLIP: a view through the glass roof of a lift. vires of the lift visible,
vbs23-kis-t3,CVHunter,0,0,1673261546301,145002,,inf,inf,inf,BROWSING,DetailWindowOpen,12288:5005,
vbs23-kis-t3,CVHunter,0,0,1673261548800,147501,,inf,inf,inf,BROWSING,DetailWindowClose,12288:5005,
vbs23-kis-t3,CVHunter,0,0,1673261550405,149106,,inf,inf,inf,BROWSING,DetailWindowOpen,6963:5606,
vbs23-kis-t3,CVHunter,0,0,1673261554242,152943,,inf,inf,inf,BROWSING,DetailWindowClose,6963:5606,
vbs23-kis-t3,CVHunter,0,0,1673261556949,155650,,inf,inf,inf,BROWSING,DetailWindowOpen,8476:36,
vbs23-kis-t3,CVHunter,0,0,1673261558637,157338,,inf,inf,inf,BROWSING,DetailWindowClose,8476:36,
vbs23-kis-t3,CVHunter,0,0,1673261562951,161652,,inf,inf,inf,BROWSING,DetailWindowOpen,17068:8044,
vbs23-kis-t3,CVHunter,0,0,1673261564751,163452,,inf,inf,inf,BROWSING,DetailWindowClose,17068:8044,
vbs23-kis-t3,CVHunter,1,0,1673261565297,163998,,86.0,86.0,86.0,TEXT,JointEmbedding,CLIP: glass roof of a lift cabin eith another glass lift,
vbs23-kis-t3,CVHunter,1,0,1673261566879,165580,,86.0,86.0,86.0,TEXT,JointEmbedding,CLIP: glass roof of a lift cabin eith another glass lift,
vbs23-kis-t3,CVHunter,0,0,1673261575691,174392,,inf,inf,inf,TEXT,JointEmbedding,CLIP: looking from a lift up,
vbs23-kis-t3,CVHunter,0,0,1673261577375,176076,,inf,inf,inf,TEXT,JointEmbedding,CLIP: looking from a lift up,
vbs23-kis-t3,CVHunter,0,0,1673261590501,189202,,989.0,1342.0,1342.0,TEXT,JointEmbedding,CLIP: elevator going up view through the roof,
vbs23-kis-t3,CVHunter,1,0,1673261590684,189385,,176.0,176.0,176.0,TEXT,JointEmbedding,CLIP: glass roof of a elevator eith another glass lift,
vbs23-kis-t3,CVHunter,1,0,1673261591975,190676,,176.0,176.0,176.0,TEXT,JointEmbedding,CLIP: glass roof of a elevator eith another glass lift,
vbs23-kis-t3,CVHunter,0,0,1673261592254,190955,,989.0,1342.0,1342.0,TEXT,JointEmbedding,CLIP: elevator going up view through the roof,
vbs23-kis-t3,CVHunter,0,0,1673261594143,192844,,inf,inf,inf,BROWSING,DetailWindowOpen,2804:581,
vbs23-kis-t3,CVHunter,0,0,1673261596673,195374,,inf,inf,inf,BROWSING,DetailWindowClose,2804:581,
vbs23-kis-t3,CVHunter,0,0,1673261600612,199313,,inf,inf,inf,BROWSING,DetailWindowOpen,269:7635,
vbs23-kis-t3,CVHunter,0,0,1673261604558,203259,,inf,inf,inf,BROWSING,DetailWindowClose,269:7635,
vbs23-kis-t3,CVHunter,0,0,1673261606028,204729,,inf,inf,inf,BROWSING,DetailWindowOpen,1549:3551,
vbs23-kis-t3,CVHunter,1,0,1673261608807,207508,,468.0,1096.0,468.0,IMAGE,JointEmbedding,6963:5606 : rows=True,
vbs23-kis-t3,CVHunter,0,0,1673261609098,207799,,inf,inf,inf,BROWSING,DetailWindowClose,1549:3551,
vbs23-kis-t3,CVHunter,0,0,1673261612768,211469,,inf,inf,inf,BROWSING,DetailWindowOpen,5593:22493,
vbs23-kis-t3,CVHunter,0,0,1673261615261,213962,,inf,inf,inf,BROWSING,DetailWindowClose,5593:22493,
vbs23-kis-t3,CVHunter,1,0,1673261616977,215678,,inf,inf,inf,BROWSING,SimilarityDetailClose,6963:5606,1673261591975
vbs23-kis-t3,CVHunter,0,0,1673261620940,219641,,inf,inf,inf,BROWSING,DetailWindowOpen,269:7013,
vbs23-kis-t3,CVHunter,0,0,1673261624154,222855,,inf,inf,inf,BROWSING,DetailWindowClose,269:7013,
vbs23-kis-t3,CVHunter,1,0,1673261625170,223871,,221.0,221.0,221.0,TEXT,JointEmbedding,CLIP: glass roof of a elevator with another glass lift,
vbs23-kis-t3,CVHunter,1,0,1673261626846,225547,,221.0,221.0,221.0,TEXT,JointEmbedding,CLIP: glass roof of a elevator with another glass lift,
vbs23-kis-t3,CVHunter,0,0,1673261633596,232297,,1097.0,1097.0,1097.0,IMAGE,feedbackModel,Bayes CLIP 7882:1731_12597:8412_11240:5281_6913:3400_1823:6518_5593:22493_13420:809_399:1588_3364:675_11731:8012_| group:1|16401:1862_,
vbs23-kis-t3,CVHunter,1,0,1673261641520,240221,,291.0,787.0,538.0,IMAGE,JointEmbedding,14480:12269 : rows=True,
vbs23-kis-t3,CVHunter,1,0,1673261645346,244047,,inf,inf,inf,BROWSING,SimilarityDetailClose,14480:12269,1673261626846
vbs23-kis-t3,CVHunter,0,0,1673261650480,249181,,inf,inf,inf,BROWSING,DetailWindowOpen,14832:4675,
vbs23-kis-t3,CVHunter,0,0,1673261653226,251927,,inf,inf,inf,BROWSING,DetailWindowClose,14832:4675,
vbs23-kis-t3,CVHunter,0,0,1673261657998,256699,,inf,inf,inf,BROWSING,DetailWindowOpen,15822:944,
vbs23-kis-t3,CVHunter,0,0,1673261661512,260213,,inf,inf,inf,BROWSING,DetailWindowClose,15822:944,
vbs23-kis-t3,CVHunter,1,0,1673261669322,268023,,inf,inf,inf,IMAGE,JointEmbedding,11322:11588 : rows=True,
vbs23-kis-t3,CVHunter,1,0,1673261673238,271939,,inf,inf,inf,BROWSING,SimilarityDetailClose,11322:11588,1673261626846
vbs23-kis-t3,CVHunter,1,0,1673261682827,281528,,304.0,561.0,561.0,IMAGE,JointEmbedding,11691:17233 : rows=True,
vbs23-kis-t3,CVHunter,1,0,1673261690902,289603,,304.0,561.0,561.0,IMAGE,JointEmbedding,11691:17233 : rows=True,
vbs23-kis-t3,CVHunter,0,0,1673261692494,291195,,84.0,84.0,84.0,TEXT,JointEmbedding,CLIP: a view from a glass elevator going up looking through the glass roof,
vbs23-kis-t3,CVHunter,0,0,1673261693955,292656,,84.0,84.0,84.0,TEXT,JointEmbedding,CLIP: a view from a glass elevator going up looking through the glass roof,
vbs23-kis-t3,CVHunter,1,0,1673261698574,297275,,inf,inf,inf,BROWSING,SimilarityDetailClose,11691:17233,1673261626846
vbs23-kis-t3,CVHunter,1,0,1673261707503,306204,,231.0,231.0,231.0,TEXT,JointEmbedding,CLIP: glass roof of a elevator with visible another glass lift,
vbs23-kis-t3,CVHunter,1,0,1673261709171,307872,,231.0,231.0,231.0,TEXT,JointEmbedding,CLIP: glass roof of a elevator with visible another glass lift,
vbs23-kis-t3,CVHunter,0,0,1673261713982,312683,,7.0,7.0,7.0,TEXT,JointEmbedding,CLIP: a view from a glass elevator going up looking through the glass roof and cables visible§,
vbs23-kis-t3,CVHunter,1,0,1673261714348,313049,,210.0,210.0,210.0,TEXT,JointEmbedding,CLIP: glass roof of a elevator with visible another glass lift on right,
vbs23-kis-t3,CVHunter,0,0,1673261715505,314206,,7.0,7.0,7.0,TEXT,JointEmbedding,CLIP: a view from a glass elevator going up looking through the glass roof and cables visible§,
vbs23-kis-t3,CVHunter,1,0,1673261715911,314612,,210.0,210.0,210.0,TEXT,JointEmbedding,CLIP: glass roof of a elevator with visible another glass lift on right,
vbs23-kis-t3,CVHunter,0,0,1673261718726,317427,,6.0,6.0,6.0,TEXT,JointEmbedding,CLIP: a view from a glass elevator going up looking through the glass roof and cables visible,
vbs23-kis-t3,CVHunter,0,0,1673261720398,319099,,6.0,6.0,6.0,TEXT,JointEmbedding,CLIP: a view from a glass elevator going up looking through the glass roof and cables visible,
vbs23-kis-t3,CVHunter,1,0,1673261724745,323446,,inf,inf,inf,BROWSING,DetailWindowOpen,1549:3551,
vbs23-kis-t3,CVHunter,1,0,1673261729063,327764,,inf,inf,inf,BROWSING,DetailWindowClose,1549:3551,
vbs23-kis-t3,CVHunter,0,0,1673261734198,332899,,inf,inf,inf,BROWSING,DetailWindowOpen,2495:2105,
vbs23-kis-t3,CVHunter,0,0,1673261738146,336847,,inf,inf,inf,BROWSING,DetailWindowClose,2495:2105,
vbs23-kis-t3,CVHunter,0,0,1673261748047,346748,,53.0,53.0,53.0,IMAGE,feedbackModel,Bayes CLIP 12984:444_5896:2990_1951:4812_3304:2900_5903:3181_11240:944_3957:25362_15657:5912_15993:5700_6609:33581_| group:1|16401:1862_5593:22493_1549:3551_628:4975_2495:2105_,
vbs23-kis-t3,CVHunter,1,0,1673261748344,347045,,inf,inf,inf,BROWSING,DetailWindowOpen,15558:15279,
vbs23-kis-t3,CVHunter,1,0,1673261751613,350314,,inf,inf,inf,BROWSING,DetailWindowClose,15558:15279,
vbs23-kis-t3,CVHunter,1,0,1673261759306,358007,,inf,inf,inf,BROWSING,DetailWindowOpen,16401:1862,
vbs23-kis-t3,CVHunter,0,0,1673261762283,360984,,inf,inf,inf,BROWSING,DetailWindowOpen,14480:12250,
vbs23-kis-t3,CVHunter,1,0,1673261762657,361358,,inf,inf,inf,BROWSING,DetailWindowClose,16401:1862,
vbs23-kis-t3,CVHunter,0,0,1673261764796,363497,,inf,inf,inf,BROWSING,DetailWindowClose,14480:12250,
vbs23-kis-t3,CVHunter,1,0,1673261769680,368381,,inf,inf,inf,BROWSING,DetailWindowOpen,269:7680,
vbs23-kis-t3,CVHunter,1,0,1673261772362,371063,,inf,inf,inf,BROWSING,DetailWindowClose,269:7680,
vbs23-kis-t3,CVHunter,1,0,1673261778870,377571,,163.0,163.0,163.0,IMAGE,JointEmbedding,12933:1050 : rows=True,
vbs23-kis-t3,CVHunter,0,0,1673261781514,380215,,9.0,9.0,9.0,TEXT,JointEmbedding,CLIP: a view from a glass elevator with cables visible,
vbs23-kis-t3,CVHunter,1,0,1673261781994,380695,,inf,inf,inf,BROWSING,SimilarityDetailClose,12933:1050,1673261715911
vbs23-kis-t3,CVHunter,0,0,1673261783052,381753,,9.0,9.0,9.0,TEXT,JointEmbedding,CLIP: a view from a glass elevator with cables visible,
vbs23-kis-t3,CVHunter,1,0,1673261793600,392301,,inf,inf,inf,BROWSING,DetailWindowOpen,11322:11594,
vbs23-kis-t3,CVHunter,0,0,1673261795111,393812,,inf,inf,inf,BROWSING,DetailWindowOpen,13562:8452,
vbs23-kis-t3,CVHunter,0,0,1673261797619,396320,,inf,inf,inf,BROWSING,DetailWindowClose,13562:8452,
vbs23-kis-t3,CVHunter,1,0,1673261798893,397594,,inf,inf,inf,BROWSING,DetailWindowClose,11322:11594,
vbs23-kis-t3,CVHunter,1,0,1673261802179,400880,,inf,inf,inf,IMAGE,JointEmbedding,11322:11594 : rows=True,
vbs23-kis-t3,CVHunter,1,0,1673261818824,417525,,inf,inf,inf,BROWSING,SimilarityDetailClose,11322:11594,1673261715911
vbs23-kis-t4,CVHunter,0,0,1673262338207,15452,,855.0,855.0,855.0,TEXT,JointEmbedding,CLIP: sailing ship with two masts leaving harbor,
vbs23-kis-t4,CVHunter,0,0,1673262339619,16864,,855.0,855.0,855.0,TEXT,JointEmbedding,CLIP: sailing ship with two masts leaving harbor,
vbs23-kis-t4,CVHunter,0,0,1673262351709,28954,,798.0,798.0,798.0,TEXT,JointEmbedding,CLIP: sailing ship with two masts leaving harbor behind a stone wall,
vbs23-kis-t4,CVHunter,1,0,1673262352322,29567,,2228.0,2228.0,2228.0,TEXT,JointEmbedding,CLIP: two sailing ships leaving a harbour,
vbs23-kis-t4,CVHunter,0,0,1673262353040,30285,,798.0,798.0,798.0,TEXT,JointEmbedding,CLIP: sailing ship with two masts leaving harbor behind a stone wall,
vbs23-kis-t4,CVHunter,1,0,1673262353886,31131,,2228.0,2228.0,2228.0,TEXT,JointEmbedding,CLIP: two sailing ships leaving a harbour,
vbs23-kis-t4,CVHunter,0,0,1673262356320,33565,,inf,inf,inf,BROWSING,DetailWindowOpen,4372:23856,
vbs23-kis-t4,CVHunter,0,0,1673262360006,37251,,inf,inf,inf,BROWSING,DetailWindowClose,4372:23856,
vbs23-kis-t4,CVHunter,0,0,1673262361164,38409,,inf,inf,inf,BROWSING,DetailWindowOpen,10743:11126,
vbs23-kis-t4,CVHunter,0,0,1673262364541,41786,,inf,inf,inf,BROWSING,DetailWindowClose,10743:11126,
vbs23-kis-t4,CVHunter,0,0,1673262377172,54417,,430.0,430.0,430.0,IMAGE,feedbackModel,Bayes CLIP 14558:3840_4734:48_8811:50094_1062:1356_15406:6056_14558:1278_8602:8681_6318:3027_9944:6352_11539:12750_| group:1|4372:23856_10743:11126_,
vbs23-kis-t4,CVHunter,1,0,1673262391153,68398,,1533.0,1533.0,1533.0,TEXT,JointEmbedding,"CLIP: two sailing ships leaving, harbour",
vbs23-kis-t4,CVHunter,1,0,1673262392593,69838,,1533.0,1533.0,1533.0,TEXT,JointEmbedding,"CLIP: two sailing ships leaving, harbour",
vbs23-kis-t4,CVHunter,1,0,1673262403649,80894,,inf,inf,inf,BROWSING,DetailWindowOpen,4372:23856,
vbs23-kis-t4,CVHunter,0,0,1673262404233,81478,,486.0,486.0,486.0,TEXT,JointEmbedding,CLIP: sailing ship with two masts leaving harbor behind a stone wall mountains in the background and sun visible,
vbs23-kis-t4,CVHunter,0,0,1673262405863,83108,,486.0,486.0,486.0,TEXT,JointEmbedding,CLIP: sailing ship with two masts leaving harbor behind a stone wall mountains in the background and sun visible,
vbs23-kis-t4,CVHunter,1,0,1673262409427,86672,,inf,inf,inf,BROWSING,DetailWindowClose,4372:23856,
vbs23-kis-t4,CVHunter,0,0,1673262425789,103034,,2411.0,2411.0,2411.0,TEXT,JointEmbedding,CLIP: sailing ship with two masts leaving harbor behind a stone wall mountains in the background and sun behind clouds,
vbs23-kis-t4,CVHunter,0,0,1673262427401,104646,,2411.0,2411.0,2411.0,TEXT,JointEmbedding,CLIP: sailing ship with two masts leaving harbor behind a stone wall mountains in the background and sun behind clouds,
vbs23-kis-t4,CVHunter,1,0,1673262432047,109292,,inf,inf,inf,BROWSING,DetailWindowOpen,8483:5387,
vbs23-kis-t4,CVHunter,0,0,1673262433344,110589,,inf,inf,inf,BROWSING,DetailWindowOpen,13978:1852,
vbs23-kis-t4,CVHunter,1,0,1673262434320,111565,,inf,inf,inf,BROWSING,DetailWindowClose,8483:5387,
vbs23-kis-t4,CVHunter,0,0,1673262438071,115316,,inf,inf,inf,BROWSING,DetailWindowClose,13978:1852,
vbs23-kis-t4,CVHunter,0,0,1673262443479,120724,,inf,inf,inf,BROWSING,DetailWindowOpen,4734:48,
vbs23-kis-t4,CVHunter,0,0,1673262450113,127358,,inf,inf,inf,BROWSING,DetailWindowClose,4734:48,
vbs23-kis-t4,CVHunter,1,0,1673262461090,138335,,512.0,512.0,512.0,TEXT,JointEmbedding,"CLIP: two sailing ships leaving, harbour, Turkish flag",
vbs23-kis-t4,CVHunter,1,0,1673262462390,139635,,512.0,512.0,512.0,TEXT,JointEmbedding,"CLIP: two sailing ships leaving, harbour, Turkish flag",
vbs23-kis-t4,CVHunter,0,0,1673262466206,143451,,421.0,421.0,421.0,TEXT,JointEmbedding,CLIP: sailing ship with two masts leaving harbor behind a stone wall mountains in the background and sun behind clouds ship with turkish flag,
vbs23-kis-t4,CVHunter,0,0,1673262467661,144906,,421.0,421.0,421.0,TEXT,JointEmbedding,CLIP: sailing ship with two masts leaving harbor behind a stone wall mountains in the background and sun behind clouds ship with turkish flag,
vbs23-kis-t4,CVHunter,1,0,1673262480699,157944,,1573.0,1573.0,1573.0,TEXT,JointEmbedding,"CLIP: two sailing ships leaving, harbour, smal lboat with Turkish flag",
vbs23-kis-t4,CVHunter,1,0,1673262482020,159265,,1573.0,1573.0,1573.0,TEXT,JointEmbedding,"CLIP: two sailing ships leaving, harbour, smal lboat with Turkish flag",
vbs23-kis-t4,CVHunter,1,0,1673262486387,163632,,2153.0,2153.0,2153.0,TEXT,JointEmbedding,"CLIP: two sailing ships leaving, harbour, small boat with Turkish flag",
vbs23-kis-t4,CVHunter,1,0,1673262487507,164752,,2153.0,2153.0,2153.0,TEXT,JointEmbedding,"CLIP: two sailing ships leaving, harbour, small boat with Turkish flag",
vbs23-kis-t4,CVHunter,0,0,1673262487557,164802,,5668.0,inf,inf,TEXT,JointEmbedding,Temporal CLIP: sailing ship leaving harbor > boat with turkish flag,
vbs23-kis-t4,CVHunter,0,0,1673262489861,167106,,5668.0,inf,inf,TEXT,JointEmbedding,Temporal CLIP: sailing ship leaving harbor > boat with turkish flag,
vbs23-kis-t4,CVHunter,0,0,1673262520888,198133,,142.0,142.0,142.0,IMAGE,feedbackModel,Bayes CLIP 11399:31064_4082:594_14558:3384_6382:5625_12393:7475_439:6189_17113:2790_15962:3619_8430:4738_2965:8009_| group:1|8430:4706_8430:4838_,
vbs23-kis-t4,CVHunter,1,0,1673262528132,205377,,1755.0,1755.0,1755.0,TEXT,JointEmbedding,"CLIP: sailing ship leaving, harbour, small boat with Turkish flag",
vbs23-kis-t4,CVHunter,1,0,1673262529366,206611,,1755.0,1755.0,1755.0,TEXT,JointEmbedding,"CLIP: sailing ship leaving, harbour, small boat with Turkish flag",
vbs23-kis-t4,CVHunter,1,0,1673262532349,209594,,1452.0,3118.0,3118.0,TEXT,JointEmbedding,"CLIP: sailing ship leaving harbour, small boat with Turkish flag",
vbs23-kis-t4,CVHunter,1,0,1673262533469,210714,,1452.0,3118.0,3118.0,TEXT,JointEmbedding,"CLIP: sailing ship leaving harbour, small boat with Turkish flag",
vbs23-kis-t4,CVHunter,0,0,1673262552281,229526,,5373.0,inf,inf,TEXT,JointEmbedding,Temporal CLIP:  boat with turkish flag > ship with two masts leaving a harbor with stone wall and lighthouse,
vbs23-kis-t4,CVHunter,0,0,1673262554315,231560,,5373.0,inf,inf,TEXT,JointEmbedding,Temporal CLIP:  boat with turkish flag > ship with two masts leaving a harbor with stone wall and lighthouse,
vbs23-kis-t4,CVHunter,1,0,1673262558979,236224,,1722.0,2129.0,2129.0,TEXT,JointEmbedding,"CLIP: sailing ship leaving harbour, small boat with Turkish flag, white beacon",
vbs23-kis-t4,CVHunter,1,0,1673262560222,237467,,1722.0,2129.0,2129.0,TEXT,JointEmbedding,"CLIP: sailing ship leaving harbour, small boat with Turkish flag, white beacon",
vbs23-kis-t4,CVHunter,0,0,1673262567170,244415,,inf,inf,inf,BROWSING,DetailWindowOpen,13538:1750,
vbs23-kis-t4,CVHunter,0,0,1673262570219,247464,,inf,inf,inf,BROWSING,DetailWindowClose,13538:1750,
vbs23-kis-t4,CVHunter,1,0,1673262579191,256436,,inf,inf,inf,BROWSING,DetailWindowOpen,14558:1278,
vbs23-kis-t4,CVHunter,1,0,1673262582888,260133,,inf,inf,inf,BROWSING,DetailWindowClose,14558:1278,
vbs23-kis-t4,CVHunter,0,0,1673262584907,262152,,2247.0,inf,9604.0,TEXT,JointEmbedding,Temporal CLIP:  boat with turkish flag > ship with two masts leaving a harbor with stone wall and lighthouse and mountains on the back,
vbs23-kis-t4,CVHunter,0,0,1673262586919,264164,,2247.0,inf,9604.0,TEXT,JointEmbedding,Temporal CLIP:  boat with turkish flag > ship with two masts leaving a harbor with stone wall and lighthouse and mountains on the back,
vbs23-kis-t4,CVHunter,1,0,1673262594213,271458,,inf,inf,inf,BROWSING,DetailWindowOpen,11399:31169,
vbs23-kis-t4,CVHunter,0,0,1673262597224,274469,,148.0,148.0,148.0,TEXT,JointEmbedding,CLIP: sailing ship with two masts leaving a harbor with stone wall and lighthouse and mountains on the back,
vbs23-kis-t4,CVHunter,0,0,1673262598685,275930,,148.0,148.0,148.0,TEXT,JointEmbedding,CLIP: sailing ship with two masts leaving a harbor with stone wall and lighthouse and mountains on the back,
vbs23-kis-t4,CVHunter,1,0,1673262601072,278317,,inf,inf,inf,BROWSING,DetailWindowClose,11399:31169,
vbs23-kis-t4,CVHunter,1,0,1673262602568,279813,,inf,inf,inf,BROWSING,VideoDetailOpen,11399:31169,
vbs23-kis-t4,CVHunter,0,0,1673262613391,290636,,inf,inf,inf,BROWSING,DetailWindowOpen,16997:1981,
vbs23-kis-t4,CVHunter,1,0,1673262616124,293369,,inf,inf,inf,BROWSING,VideoDetailClose,11399:31169,1673262560222
vbs23-kis-t4,CVHunter,0,0,1673262618818,296063,,inf,inf,inf,BROWSING,DetailWindowClose,16997:1981,
vbs23-kis-t4,CVHunter,0,0,1673262624704,301949,,inf,inf,inf,BROWSING,DetailWindowOpen,9831:5485,
vbs23-kis-t4,CVHunter,0,0,1673262629189,306434,,inf,inf,inf,BROWSING,DetailWindowClose,9831:5485,
vbs23-kis-t4,CVHunter,1,0,1673262643408,320653,,684.0,9238.0,9238.0,IMAGE,JointEmbedding,13978:1852 : rows=True,
vbs23-kis-t4,CVHunter,0,0,1673262643742,320987,,inf,inf,inf,BROWSING,DetailWindowOpen,4734:1050,
vbs23-kis-t4,CVHunter,0,0,1673262645845,323090,,inf,inf,inf,BROWSING,DetailWindowClose,4734:1050,
vbs23-kis-t4,CVHunter,1,0,1673262661132,338377,,inf,inf,inf,BROWSING,SimilarityDetailClose,13978:1852,1673262560222
vbs23-kis-t4,CVHunter,0,0,1673262671653,348898,,142.0,142.0,142.0,TEXT,JointEmbedding,CLIP: sailing ship with two masts leaving a harbor with stone wall and lighthouse and mountains on the back. other small boats visible,
vbs23-kis-t4,CVHunter,0,0,1673262673025,350270,,142.0,142.0,142.0,TEXT,JointEmbedding,CLIP: sailing ship with two masts leaving a harbor with stone wall and lighthouse and mountains on the back. other small boats visible,
vbs23-kis-t4,CVHunter,1,0,1673262673145,350390,,40.0,63.0,63.0,IMAGE,JointEmbedding,4372:23856 : rows=True,
vbs23-kis-t4,CVHunter,1,0,1673262683238,360483,,347.0,1400.0,1400.0,IMAGE,JointEmbedding,4734:1050 : rows=True,
vbs23-kis-t4,CVHunter,0,0,1673262693876,371121,,249.0,inf,1965.0,IMAGE,feedbackModel,Bayes CLIP 543:3141_12992:23378_15406:6056_6318:3027_4734:30_9944:6442_13849:34550_16872:2475_12992:32662_9604:3608_| group:1|10743:11126_5297:5145_9831:8122_5465:82_,
vbs23-kis-t4,CVHunter,0,0,1673262697600,374845,,inf,inf,inf,BROWSING,DetailWindowOpen,9831:3087,
vbs23-kis-t4,CVHunter,0,0,1673262700901,378146,,inf,inf,inf,BROWSING,DetailWindowClose,9831:3087,
vbs23-kis-t4,CVHunter,0,0,1673262708918,386163,,inf,inf,inf,BROWSING,DetailWindowOpen,2077:250,
vbs23-kis-t4,CVHunter,0,0,1673262712407,389652,,inf,inf,inf,BROWSING,DetailWindowClose,2077:250,
vbs23-kis-t4,CVHunter,0,0,1673262714970,392215,,inf,inf,inf,BROWSING,DetailWindowOpen,13567:7283,
vbs23-kis-t4,CVHunter,0,0,1673262717945,395190,,inf,inf,inf,BROWSING,DetailWindowClose,13567:7283,
vbs23-kis-t5,CVHunter,1,0,1673262845945,19333,105663.0,1056.0,1056.0,1056.0,TEXT,JointEmbedding,"CLIP: wedding party, bride and groom",
vbs23-kis-t5,CVHunter,1,0,1673262847251,20639,105663.0,1056.0,1056.0,1056.0,TEXT,JointEmbedding,"CLIP: wedding party, bride and groom",
vbs23-kis-t5,CVHunter,1,0,1673262858824,32212,105663.0,474.0,474.0,474.0,TEXT,JointEmbedding,"CLIP: wedding party, bride and groom walking ",
vbs23-kis-t5,CVHunter,1,0,1673262860199,33587,105663.0,474.0,474.0,474.0,TEXT,JointEmbedding,"CLIP: wedding party, bride and groom walking ",
vbs23-kis-t5,CVHunter,0,1,1673262866012,39400,105663.0,110.0,110.0,110.0,TEXT,JointEmbedding,Temporal CLIP: group around bride and groom > bride and groom walking while others following,
vbs23-kis-t5,CVHunter,1,0,1673262866602,39990,105663.0,inf,inf,inf,BROWSING,DetailWindowOpen,874:2296,
vbs23-kis-t5,CVHunter,0,1,1673262868025,41413,105663.0,110.0,110.0,110.0,TEXT,JointEmbedding,Temporal CLIP: group around bride and groom > bride and groom walking while others following,
vbs23-kis-t5,CVHunter,1,0,1673262875484,48872,105663.0,inf,inf,inf,BROWSING,DetailWindowClose,874:2296,
vbs23-kis-t5,CVHunter,1,0,1673262879209,52597,105663.0,inf,inf,inf,BROWSING,DetailWindowOpen,4143:3744,
vbs23-kis-t5,CVHunter,1,0,1673262882680,56068,105663.0,inf,inf,inf,BROWSING,DetailWindowClose,4143:3744,
vbs23-kis-t5,CVHunter,1,0,1673262887629,61017,105663.0,inf,inf,inf,BROWSING,DetailWindowOpen,13948:7193,
vbs23-kis-t5,CVHunter,0,1,1673262892450,65838,105663.0,315.0,315.0,315.0,IMAGE,feedbackModel,Temporal Bayes CLIP 8462:9938_552:1506_6363:6550_3351:3350_13635:35744_8277:20957_6134:4663_11922:2981_6963:2438_2088:2464_| group:1|6363:6444_| group:2|6363:6894_,
vbs23-kis-t5,CVHunter,1,0,1673262896159,69547,105663.0,inf,inf,inf,BROWSING,DetailWindowClose,13948:7193,
vbs23-kis-t5,CVHunter,1,0,1673262898133,71521,105663.0,inf,inf,inf,BROWSING,DetailWindowOpen,383:5498,
vbs23-kis-t5,CVHunter,1,0,1673262903920,77308,105663.0,inf,inf,inf,BROWSING,DetailWindowClose,383:5498,
vbs23-kis-t5,CVHunter,0,1,1673262915588,88976,105663.0,4.0,4.0,4.0,TEXT,JointEmbedding,Temporal CLIP: group around bride and groom > bride with a blue bow and white blue flowers and groom walking while others following,
vbs23-kis-t5,CVHunter,0,1,1673262917503,90891,105663.0,4.0,4.0,4.0,TEXT,JointEmbedding,Temporal CLIP: group around bride and groom > bride with a blue bow and white blue flowers and groom walking while others following,
vbs23-kis-t5,CVHunter,1,0,1673262921813,95201,105663.0,3.0,4.0,4.0,TEXT,JointEmbedding,"CLIP: wedding party, bride with blue bow and white and blue flower and groom walking ",
vbs23-kis-t5,CVHunter,1,0,1673262923057,96445,105663.0,3.0,4.0,4.0,TEXT,JointEmbedding,"CLIP: wedding party, bride with blue bow and white and blue flower and groom walking ",
vbs23-kis-t5,CVHunter,0,1,1673262928640,102028,105663.0,inf,inf,inf,BROWSING,DetailWindowOpen,5723:5050,
vbs23-kis-t5,CVHunter,0,1,1673262932009,105397,105663.0,inf,inf,inf,BROWSING,DetailWindowClose,5723:5050,
vbs23-kis-t5,CVHunter,0,1,1673262932130,105518,105663.0,inf,inf,inf,SUBMIT,,?item=05722&frame=5025&session=node01f46iddshud8duses24frm8g927,"{""submission"":""CORRECT"" ""description"":""Submission correct!"" ""status"":true}"
vbs23-kis-t6,CVHunter,1,0,1673264186183,22809,141909.0,319.0,319.0,319.0,TEXT,JointEmbedding,CLIP: balcony with laundry on a rope,
vbs23-kis-t6,CVHunter,1,0,1673264187649,24275,141909.0,319.0,319.0,319.0,TEXT,JointEmbedding,CLIP: balcony with laundry on a rope,
vbs23-kis-t6,CVHunter,0,1,1673264195312,31938,141909.0,9.0,9.0,9.0,TEXT,JointEmbedding,Temporal CLIP: two people in front of a wall with posters > balcony with laundry hanging,
vbs23-kis-t6,CVHunter,0,1,1673264197270,33896,141909.0,9.0,9.0,9.0,TEXT,JointEmbedding,Temporal CLIP: two people in front of a wall with posters > balcony with laundry hanging,
vbs23-kis-t6,CVHunter,1,0,1673264199270,35896,141909.0,1433.0,1433.0,1433.0,TEXT,JointEmbedding,Temporal CLIP: balcony with laundry on a rope > train passing,
vbs23-kis-t6,CVHunter,1,0,1673264200846,37472,141909.0,1433.0,1433.0,1433.0,TEXT,JointEmbedding,Temporal CLIP: balcony with laundry on a rope > train passing,
vbs23-kis-t6,CVHunter,0,1,1673264228519,65145,141909.0,58.0,58.0,58.0,IMAGE,feedbackModel,Temporal Bayes CLIP 5479:16987_12368:2881_12096:11200_6094:2008_16099:7612_4277:5088_15817:212_7969:2875_12223:581_74:6968_| group:2|5479:17437_,
vbs23-kis-t6,CVHunter,1,0,1673264239205,75831,141909.0,2180.0,2180.0,2180.0,IMAGE,feedbackModel,Temporal Bayes CLIP 1409:4988_2340:4794_10200:3128_16487:16400_15809:7440_14442:6800_628:4061_12823:4881_10200:4170_6609:33419_| group:1|1409:5312_| group:2|10200:3184_,
vbs23-kis-t6,CVHunter,0,1,1673264265044,101670,141909.0,1.0,1.0,1.0,TEXT,JointEmbedding,Temporal CLIP:  balcony with laundry hanging > train passing behind two tombstones,
vbs23-kis-t6,CVHunter,0,1,1673264267117,103743,141909.0,1.0,1.0,1.0,TEXT,JointEmbedding,Temporal CLIP:  balcony with laundry hanging > train passing behind two tombstones,
vbs23-kis-t6,CVHunter,1,0,1673264277033,113659,141909.0,1433.0,1433.0,1433.0,TEXT,JointEmbedding,Temporal CLIP: balcony with laundry on a rope > train passing,
vbs23-kis-t6,CVHunter,1,0,1673264278675,115301,141909.0,1433.0,1433.0,1433.0,TEXT,JointEmbedding,Temporal CLIP: balcony with laundry on a rope > train passing,
vbs23-kis-t6,CVHunter,0,1,1673264280709,117335,141909.0,42.0,42.0,42.0,TEXT,JointEmbedding,CLIP:  batrain passing behind two tombstones,
vbs23-kis-t6,CVHunter,1,0,1673264281746,118372,141909.0,inf,inf,inf,BROWSING,DetailWindowOpen,10200:3165,
vbs23-kis-t6,CVHunter,0,1,1673264282079,118705,141909.0,42.0,42.0,42.0,TEXT,JointEmbedding,CLIP:  batrain passing behind two tombstones,
vbs23-kis-t6,CVHunter,1,0,1673264286154,122780,141909.0,inf,inf,inf,BROWSING,DetailWindowClose,10200:3165,
vbs23-kis-t6,CVHunter,1,0,1673264287095,123721,141909.0,inf,inf,inf,BROWSING,VideoDetailOpen,10200:3165,
vbs23-kis-t6,CVHunter,0,1,1673264288617,125243,141909.0,7.0,7.0,7.0,TEXT,JointEmbedding,CLIP: train passing behind two tombstones,
vbs23-kis-t6,CVHunter,0,1,1673264290182,126808,141909.0,7.0,7.0,7.0,TEXT,JointEmbedding,CLIP: train passing behind two tombstones,
vbs23-kis-t6,CVHunter,1,0,1673264290246,126872,141909.0,inf,inf,inf,BROWSING,VideoDetailClose,10200:3165,1673264278675
vbs23-kis-t6,CVHunter,0,1,1673264295166,131792,141909.0,inf,inf,inf,BROWSING,DetailWindowOpen,3882:1262,
vbs23-kis-t6,CVHunter,0,1,1673264298240,134866,141909.0,inf,inf,inf,BROWSING,DetailWindowClose,3882:1262,
vbs23-kis-t6,CVHunter,0,1,1673264300287,136913,141909.0,inf,inf,inf,BROWSING,DetailWindowOpen,12223:775,
vbs23-kis-t6,CVHunter,0,1,1673264305003,141629,141909.0,inf,inf,inf,BROWSING,DetailWindowClose,12223:775,
vbs23-kis-t6,CVHunter,0,1,1673264305097,141723,141909.0,inf,inf,inf,SUBMIT,,?item=12222&frame=656&session=node01f46iddshud8duses24frm8g927,"{""submission"":""CORRECT"" ""description"":""Submission correct!"" ""status"":true}"
vbs23-kis-v2,CVHunter,1,0,1673276009869,13721,,inf,inf,inf,TEXT,JointEmbedding,CLIP: woman with hairspray,
vbs23-kis-v2,CVHunter,1,0,1673276011101,14953,,inf,inf,inf,TEXT,JointEmbedding,CLIP: woman with hairspray,
vbs23-kis-v2,CVHunter,0,0,1673276015967,19819,,1938.0,6444.0,6444.0,TEXT,JointEmbedding,CLIP: closeup on a woman with long brown hair,
vbs23-kis-v2,CVHunter,0,0,1673276017423,21275,,1938.0,6444.0,6444.0,TEXT,JointEmbedding,CLIP: closeup on a woman with long brown hair,
vbs23-kis-v2,CVHunter,1,0,1673276024318,28170,,2621.0,inf,2621.0,IMAGE,feedbackModel,Bayes CLIP 13051:3619_12392:6975_13144:3522_7743:997_6604:5312_5431:2288_6671:5050_6604:3357_10327:2542_10077:10707_| group:1|5551:3306_5450:1656_,
vbs23-kis-v2,CVHunter,0,0,1673276035871,39723,,1217.0,1775.0,1217.0,TEXT,JointEmbedding,CLIP: closeup on a woman with long brown hair in white sweater and a lamp on the back,
vbs23-kis-v2,CVHunter,0,0,1673276037428,41280,,1217.0,1775.0,1217.0,TEXT,JointEmbedding,CLIP: closeup on a woman with long brown hair in white sweater and a lamp on the back,
vbs23-kis-v2,CVHunter,1,0,1673276040467,44319,,inf,inf,inf,TEXT,JointEmbedding,"CLIP: woman with hairspray inside, stylist",
vbs23-kis-v2,CVHunter,1,0,1673276041781,45633,,inf,inf,inf,TEXT,JointEmbedding,"CLIP: woman with hairspray inside, stylist",
vbs23-kis-v2,CVHunter,0,0,1673276051737,55589,,431.0,431.0,431.0,IMAGE,feedbackModel,Bayes CLIP 13051:4019_10349:6683_14756:22294_9446:5825_14756:28088_13187:19143_14756:12819_14756:25075_15517:238_14756:34381_| group:1|8104:9620_10713:1753_,
vbs23-kis-v2,CVHunter,1,0,1673276053831,57683,,2634.0,inf,2634.0,IMAGE,feedbackModel,Bayes CLIP 15293:2026_15293:1121_11470:3829_17101:1688_15293:1253_12392:17825_15293:2727_12392:9331_5412:264_9561:1712_| group:1|1846:1044_13414:1558_6670:4675_,
vbs23-kis-v2,CVHunter,1,0,1673276062744,66596,,2848.0,inf,inf,IMAGE,JointEmbedding,5239:1776 : rows=True,
vbs23-kis-v2,CVHunter,1,0,1673276067570,71422,,inf,inf,inf,BROWSING,SimilarityDetailClose,5239:1776,1673276053831
vbs23-kis-v2,CVHunter,0,0,1673276075759,79611,,580.0,605.0,580.0,TEXT,JointEmbedding,CLIP: closeup on a woman with long wavy brown hair in white sweater and a lamp on the back,
vbs23-kis-v2,CVHunter,0,0,1673276077281,81133,,580.0,605.0,580.0,TEXT,JointEmbedding,CLIP: closeup on a woman with long wavy brown hair in white sweater and a lamp on the back,
vbs23-kis-v2,CVHunter,1,0,1673276081465,85317,,7757.0,inf,7757.0,TEXT,JointEmbedding,"CLIP: blond woman with hairspray inside, stylist",
vbs23-kis-v2,CVHunter,1,0,1673276082959,86811,,7757.0,inf,7757.0,TEXT,JointEmbedding,"CLIP: blond woman with hairspray inside, stylist",
vbs23-kis-v2,CVHunter,1,0,1673276087245,91097,,2333.0,inf,2333.0,TEXT,JointEmbedding,"CLIP: blond woman with hairspray, stylist",
vbs23-kis-v2,CVHunter,1,0,1673276088535,92387,,2333.0,inf,2333.0,TEXT,JointEmbedding,"CLIP: blond woman with hairspray, stylist",
vbs23-kis-v2,CVHunter,0,0,1673276092055,95907,,152.0,152.0,152.0,TEXT,JointEmbedding,CLIP: closeup on a beautiful woman with long wavy brown hair in white sweater and a lamp on the back,
vbs23-kis-v2,CVHunter,0,0,1673276093561,97413,,152.0,152.0,152.0,TEXT,JointEmbedding,CLIP: closeup on a beautiful woman with long wavy brown hair in white sweater and a lamp on the back,
vbs23-kis-v2,CVHunter,1,0,1673276104405,108257,,1767.0,inf,1767.0,TEXT,JointEmbedding,"CLIP: brunet woman with hairspray, stylist",
vbs23-kis-v2,CVHunter,1,0,1673276105856,109708,,1767.0,inf,1767.0,TEXT,JointEmbedding,"CLIP: brunet woman with hairspray, stylist",
vbs23-kis-v2,CVHunter,1,0,1673276133690,137542,,2707.0,inf,2707.0,IMAGE,feedbackModel,Bayes CLIP 4690:906_11470:3829_1405:1881_9958:11051_6670:4675_7127:619_9064:22406_7298:1231_2335:1035_8395:1933_| group:1|13414:1564_13414:2080_11500:665_,
vbs23-kis-v2,CVHunter,0,0,1673276133802,137654,,1822.0,5842.0,1822.0,TEXT,JointEmbedding,CLIP: woman with long brown hair applying hairspray,
vbs23-kis-v2,CVHunter,0,0,1673276135375,139227,,1822.0,5842.0,1822.0,TEXT,JointEmbedding,CLIP: woman with long brown hair applying hairspray,
vbs23-kis-v2,CVHunter,1,0,1673276143105,146957,,1656.0,inf,inf,IMAGE,JointEmbedding,11500:665 : rows=True,
vbs23-kis-v2,CVHunter,1,0,1673276159492,163344,,inf,inf,inf,BROWSING,SimilarityDetailClose,11500:665,1673276133690
vbs23-kis-v2,CVHunter,0,0,1673276170030,173882,,1326.0,9147.0,1326.0,TEXT,JointEmbedding,CLIP: woman with long brown hair and white sweater applying hairspray,
vbs23-kis-v2,CVHunter,0,0,1673276172019,175871,,1326.0,9147.0,1326.0,TEXT,JointEmbedding,CLIP: woman with long brown hair and white sweater applying hairspray,
vbs23-kis-v2,CVHunter,0,0,1673276184881,188733,,1479.0,7058.0,1479.0,IMAGE,feedbackModel,Bayes CLIP 13051:4019_14325:8056_10713:3551_10713:5350_6934:62131_13051:4038_4163:26025_12392:17500_12392:13962_9446:5825_| group:1|8191:2206_15983:90_,
vbs23-kis-v2,CVHunter,0,0,1673276211855,215707,,inf,inf,inf,BROWSING,VideoDetailOpen,13373:6550,
vbs23-kis-v2,CVHunter,1,0,1673276212489,216341,,5764.0,inf,inf,TEXT,JointEmbedding,"CLIP: smiling brunete woman with hairspray, stylist",
vbs23-kis-v2,CVHunter,1,0,1673276214008,217860,,5764.0,inf,inf,TEXT,JointEmbedding,"CLIP: smiling brunete woman with hairspray, stylist",
vbs23-kis-v2,CVHunter,0,0,1673276220655,224507,,inf,inf,inf,BROWSING,VideoDetailClose,13373:6550,1673276184881.0
vbs23-kis-v2,CVHunter,1,0,1673276227451,231303,,5047.0,inf,inf,TEXT,JointEmbedding,"CLIP: smiling brunete woman with hairspray, styling",
vbs23-kis-v2,CVHunter,1,0,1673276228816,232668,,5047.0,inf,inf,TEXT,JointEmbedding,"CLIP: smiling brunete woman with hairspray, styling",
vbs23-kis-v2,CVHunter,0,0,1673276234453,238305,,2706.0,inf,2706.0,TEXT,JointEmbedding,CLIP: woman with long hair and white sweater applying hairspray with lamp on the back,
vbs23-kis-v2,CVHunter,0,0,1673276236007,239859,,2706.0,inf,2706.0,TEXT,JointEmbedding,CLIP: woman with long hair and white sweater applying hairspray with lamp on the back,
vbs23-kis-v2,CVHunter,1,0,1673276237671,241523,,7514.0,inf,inf,IMAGE,JointEmbedding,15983:90 : rows=True,
vbs23-kis-v2,CVHunter,0,0,1673276245946,249798,,inf,inf,inf,TEXT,JointEmbedding,CLIP: youn woman with long hair and white sweater applying hairspray with lamp on the back,
vbs23-kis-v2,CVHunter,0,0,1673276247324,251176,,inf,inf,inf,TEXT,JointEmbedding,CLIP: youn woman with long hair and white sweater applying hairspray with lamp on the back,
vbs23-kis-v2,CVHunter,0,0,1673276251038,254890,,2426.0,inf,2426.0,TEXT,JointEmbedding,CLIP: young woman with long hair and white sweater applying hairspray with lamp on the back,
vbs23-kis-v2,CVHunter,0,0,1673276252464,256316,,2426.0,inf,2426.0,TEXT,JointEmbedding,CLIP: young woman with long hair and white sweater applying hairspray with lamp on the back,
vbs23-kis-v2,CVHunter,1,0,1673276253243,257095,,inf,inf,inf,BROWSING,SimilarityDetailClose,15983:90,1673276228816
vbs23-kis-v2,CVHunter,0,0,1673276260125,263977,,3239.0,inf,3239.0,IMAGE,feedbackModel,Bayes CLIP 6524:575_12930:2456_9104:10600_10016:4443_15298:650_10684:7828_12725:1819_15010:546_5851:4448_12392:1319_| group:1|11500:665_,
vbs23-kis-v2,CVHunter,1,0,1673276294676,298528,,1865.0,inf,inf,TEXT,JointEmbedding,"CLIP: smiling brunete woman with hairspray, styling, white dress",
vbs23-kis-v2,CVHunter,1,0,1673276296042,299894,,1865.0,inf,inf,TEXT,JointEmbedding,"CLIP: smiling brunete woman with hairspray, styling, white dress",
vbs23-kis-v3,CVHunter,1,0,1673276415755,8884,50227.0,620.0,1107.0,1107.0,TEXT,JointEmbedding,CLIP: woman with mask,
vbs23-kis-v3,CVHunter,1,0,1673276417067,10196,50227.0,620.0,1107.0,1107.0,TEXT,JointEmbedding,CLIP: woman with mask,
vbs23-kis-v3,CVHunter,0,1,1673276419140,12269,50227.0,288.0,368.0,368.0,TEXT,JointEmbedding,CLIP: woman with paper covered face,
vbs23-kis-v3,CVHunter,0,1,1673276420694,13823,50227.0,288.0,368.0,368.0,TEXT,JointEmbedding,CLIP: woman with paper covered face,
vbs23-kis-v3,CVHunter,1,0,1673276432883,26012,50227.0,253.0,4126.0,4126.0,TEXT,JointEmbedding,"CLIP: woman with white mask, operation",
vbs23-kis-v3,CVHunter,1,0,1673276434119,27248,50227.0,253.0,4126.0,4126.0,TEXT,JointEmbedding,"CLIP: woman with white mask, operation",
vbs23-kis-v3,CVHunter,0,1,1673276437797,30926,50227.0,90.0,90.0,90.0,IMAGE,feedbackModel,Bayes CLIP 10158:12150_14076:4818_10158:10358_17037:1069_12353:7109_14281:944_14756:19744_13932:55988_12353:7037_14756:2788_| group:1|10158:12815_3560:1962_2299:4775_,
vbs23-kis-v3,CVHunter,1,0,1673276440082,33211,50227.0,162.0,162.0,162.0,TEXT,JointEmbedding,CLIP: woman with white mask,
vbs23-kis-v3,CVHunter,1,0,1673276441274,34403,50227.0,162.0,162.0,162.0,TEXT,JointEmbedding,CLIP: woman with white mask,
vbs23-kis-v3,CVHunter,0,1,1673276447161,40290,50227.0,6.0,6.0,6.0,TEXT,JointEmbedding,Temporal CLIP: woman with paper covered face > reading magazine,
vbs23-kis-v3,CVHunter,0,1,1673276449254,42383,50227.0,6.0,6.0,6.0,TEXT,JointEmbedding,Temporal CLIP: woman with paper covered face > reading magazine,
vbs23-kis-v3,CVHunter,1,0,1673276455913,49042,50227.0,29.0,157.0,157.0,TEXT,JointEmbedding,CLIP: woman with white cosmetic mask,
vbs23-kis-v3,CVHunter,0,1,1673276456694,49823,50227.0,inf,inf,inf,SUBMIT,,?item=16276&frame=444&session=node0mq1oq40r6jl01v9ijyl85bqtx1254,"{""submission"":""CORRECT"" ""description"":""Submission correct!"" ""status"":true}"
vbs23-kis-v4,CVHunter,1,0,1673277185574,8361,,1841.0,inf,inf,TEXT,JointEmbedding,CLIP: kids in chord,
vbs23-kis-v4,CVHunter,1,0,1673277186952,9739,,1841.0,inf,inf,TEXT,JointEmbedding,CLIP: kids in chord,
vbs23-kis-v4,CVHunter,0,0,1673277191430,14217,,1265.0,4335.0,4335.0,TEXT,JointEmbedding,CLIP: kids clapping,
vbs23-kis-v4,CVHunter,0,0,1673277192876,15663,,1265.0,4335.0,4335.0,TEXT,JointEmbedding,CLIP: kids clapping,
vbs23-kis-v4,CVHunter,0,0,1673277204961,27748,,1263.0,5795.0,5795.0,TEXT,JointEmbedding,CLIP: kids standing clapping like a crocodile,
vbs23-kis-v4,CVHunter,0,0,1673277206667,29454,,1263.0,5795.0,5795.0,TEXT,JointEmbedding,CLIP: kids standing clapping like a crocodile,
vbs23-kis-v4,CVHunter,1,0,1673277208519,31306,,1512.0,2978.0,2978.0,TEXT,JointEmbedding,"CLIP: group of children, clapping",
vbs23-kis-v4,CVHunter,1,0,1673277209705,32492,,1512.0,2978.0,2978.0,TEXT,JointEmbedding,"CLIP: group of children, clapping",
vbs23-kis-v4,CVHunter,0,0,1673277219214,42001,,416.0,inf,inf,TEXT,JointEmbedding,CLIP: kids standing clapping like a crocodile on darker room,
vbs23-kis-v4,CVHunter,0,0,1673277220645,43432,,416.0,inf,inf,TEXT,JointEmbedding,CLIP: kids standing clapping like a crocodile on darker room,
vbs23-kis-v4,CVHunter,1,0,1673277233820,56607,,99.0,299.0,299.0,IMAGE,feedbackModel,Bayes CLIP 3978:2925_11758:3696_8787:2544_2526:10752_3978:1231_5035:3688_14546:10190_8252:3971_14051:6494_5453:22744_| group:1|6464:962_1489:5357_,
vbs23-kis-v4,CVHunter,0,0,1673277234074,56861,,inf,inf,inf,BROWSING,VideoDetailOpen,5718:40624,
vbs23-kis-v4,CVHunter,0,0,1673277242561,65348,,inf,inf,inf,BROWSING,VideoDetailClose,5718:40624,1673277220645.0
vbs23-kis-v4,CVHunter,1,0,1673277255818,78605,,1110.0,1110.0,1110.0,TEXT,JointEmbedding,"CLIP: group of children, clapping, waving",
vbs23-kis-v4,CVHunter,1,0,1673277257225,80012,,1110.0,1110.0,1110.0,TEXT,JointEmbedding,"CLIP: group of children, clapping, waving",
vbs23-kis-v4,CVHunter,0,0,1673277259603,82390,,199.0,7729.0,7729.0,TEXT,JointEmbedding,CLIP: kids standing clapping hands like a crocodile on darker room,
vbs23-kis-v4,CVHunter,0,0,1673277260985,83772,,199.0,7729.0,7729.0,TEXT,JointEmbedding,CLIP: kids standing clapping hands like a crocodile on darker room,
vbs23-kis-v4,CVHunter,1,0,1673277267716,90503,,494.0,494.0,494.0,IMAGE,feedbackModel,Bayes CLIP 3978:2925_14756:24269_8466:13433_2526:10752_15208:26906_6677:12905_16395:3644_355:12088_15833:12040_10294:22615_| group:1|6677:11173_6677:11988_,
vbs23-kis-v4,CVHunter,0,0,1673277272149,94936,,145.0,1927.0,1927.0,IMAGE,feedbackModel,Bayes CLIP 6826:4143_7823:1402_7823:1372_7135:30937_3816:4860_918:1049_6933:8745_488:5323_1020:5736_11818:12003_| group:1|11520:4771_488:492_,
vbs23-kis-v4,CVHunter,0,0,1673277273565,96352,,inf,inf,inf,IMAGE,feedbackModel,Bayes CLIP ,
vbs23-kis-v4,CVHunter,1,0,1673277275332,98119,,1901.0,1901.0,1901.0,TEXT,JointEmbedding,"CLIP: group of children on podium, clapping, waving",
vbs23-kis-v4,CVHunter,1,0,1673277276637,99424,,1901.0,1901.0,1901.0,TEXT,JointEmbedding,"CLIP: group of children on podium, clapping, waving",
vbs23-kis-v4,CVHunter,0,0,1673277276956,99743,,199.0,7729.0,7729.0,TEXT,JointEmbedding,CLIP: kids standing clapping hands like a crocodile on darker room,
vbs23-kis-v4,CVHunter,0,0,1673277283580,106367,,145.0,1927.0,1927.0,IMAGE,feedbackModel,Bayes CLIP 6826:4143_7823:1402_7823:1372_7135:30937_3816:4860_918:1049_6933:8745_488:5323_1020:5736_11818:12003_| group:1|11520:4771_488:492_,
vbs23-kis-v4,CVHunter,1,0,1673277288737,111524,,3789.0,3789.0,3789.0,TEXT,JointEmbedding,"CLIP: group of children on stairs, clapping, waving",
vbs23-kis-v4,CVHunter,1,0,1673277290005,112792,,3789.0,3789.0,3789.0,TEXT,JointEmbedding,"CLIP: group of children on stairs, clapping, waving",
vbs23-kis-v4,CVHunter,1,0,1673277314226,137013,,5478.0,5478.0,5478.0,TEXT,JointEmbedding,"CLIP: group of children on stairs, clapping, singing",
vbs23-kis-v4,CVHunter,1,0,1673277315422,138209,,5478.0,5478.0,5478.0,TEXT,JointEmbedding,"CLIP: group of children on stairs, clapping, singing",
vbs23-kis-v4,CVHunter,1,0,1673277320893,143680,,2464.0,5636.0,5636.0,IMAGE,JointEmbedding,12809:9255 : rows=True,
vbs23-kis-v4,CVHunter,0,0,1673277330639,153426,,1852.0,inf,inf,IMAGE,feedbackModel,Bayes CLIP 11520:4771_16709:2008_9579:84898_3978:3262_7823:1402_7387:6129_3690:10684_9579:61783_9579:31566_9579:64660_| group:1|7387:6279_14263:362_11664:4136_11077:8262_,
vbs23-kis-v4,CVHunter,0,0,1673277375775,198562,,227.0,inf,inf,TEXT,JointEmbedding,CLIP: kindergarden kids clapping hands like a crocodile on darker classroom,
vbs23-kis-v4,CVHunter,1,0,1673277375834,198621,,inf,inf,inf,BROWSING,SimilarityDetailClose,12809:9255,1673277315422
vbs23-kis-v4,CVHunter,0,0,1673277377255,200042,,227.0,inf,inf,TEXT,JointEmbedding,CLIP: kindergarden kids clapping hands like a crocodile on darker classroom,
vbs23-kis-v4,CVHunter,1,0,1673277396592,219379,,1474.0,inf,inf,IMAGE,feedbackModel,Bayes CLIP 6822:20775_12809:9255_9773:3728_12108:2212_11361:6241_12108:2238_8787:5012_12353:12689_11361:6211_4435:7642_| group:1|8787:2431_12809:9158_3658:8152_14478:1554_,
vbs23-kis-v4,CVHunter,0,0,1673277405433,228220,,208.0,inf,inf,TEXT,JointEmbedding,CLIP: kindergarden kids clapping hands like a crocodile on darker classroom with grey floor,
vbs23-kis-v4,CVHunter,0,0,1673277406854,229641,,208.0,inf,inf,TEXT,JointEmbedding,CLIP: kindergarden kids clapping hands like a crocodile on darker classroom with grey floor,
vbs23-kis-v4,CVHunter,1,0,1673277432649,255436,,2349.0,2921.0,2921.0,IMAGE,feedbackModel,Bayes CLIP 14478:1075_14478:828_14478:2755_14478:2630_11905:6436_14478:871_2526:7268_11905:2465_14608:544_12809:8970_| group:1|12809:2902_14263:9669_14478:3042_,
vbs23-kis-v4,CVHunter,1,0,1673277450773,273560,,806.0,inf,inf,IMAGE,JointEmbedding,14478:2806 : rows=True,
vbs23-kis-t7,CVHunter,0,0,1673277569795,38261,66355.0,71.0,74.0,71.0,TEXT,JointEmbedding,Temporal CLIP: view down the boulder with forest in the background > a man climbing up the boulder,
vbs23-kis-t7,CVHunter,0,0,1673277572005,40471,66355.0,71.0,74.0,71.0,TEXT,JointEmbedding,Temporal CLIP: view down the boulder with forest in the background > a man climbing up the boulder,
vbs23-kis-t7,CVHunter,1,0,1673277573278,41744,66355.0,148.0,2039.0,2039.0,TEXT,JointEmbedding,CLIP: bolder with forest and man in blue shirt,
vbs23-kis-t7,CVHunter,1,0,1673277574543,43009,66355.0,148.0,2039.0,2039.0,TEXT,JointEmbedding,CLIP: bolder with forest and man in blue shirt,
vbs23-kis-t7,CVHunter,0,0,1673277581875,50341,66355.0,inf,inf,inf,BROWSING,VideoDetailOpen,11396:8969,
vbs23-kis-t7,CVHunter,1,0,1673277582752,51218,66355.0,2.0,81.0,81.0,TEXT,JointEmbedding,CLIP: bolder with forest and man in blue shirt climbing,
vbs23-kis-t7,CVHunter,1,0,1673277584134,52600,66355.0,2.0,81.0,81.0,TEXT,JointEmbedding,CLIP: bolder with forest and man in blue shirt climbing,
vbs23-kis-t7,CVHunter,0,0,1673277584925,53391,66355.0,inf,inf,inf,BROWSING,VideoDetailClose,11396:8969,1673277572005.0
vbs23-kis-t7,CVHunter,1,0,1673277586949,55415,66355.0,inf,inf,inf,BROWSING,DetailWindowOpen,14701:5365,
vbs23-kis-t7,CVHunter,1,0,1673277597835,66301,66355.0,inf,inf,inf,BROWSING,DetailWindowClose,14701:5365,
vbs23-kis-t7,CVHunter,1,0,1673277604323,72789,66355.0,inf,inf,inf,BROWSING,VideoDetailOpen,14701:5687,
vbs23-kis-t7,CVHunter,1,0,1673277623393,91859,66355.0,inf,inf,inf,BROWSING,DetailWindowOpen,14701:5537,
vbs23-kis-t7,CVHunter,0,0,1673277623938,92404,66355.0,6.0,7.0,6.0,TEXT,JointEmbedding,Temporal CLIP: view down the boulder with forest in the background > a man in cyan shirtclimbing up the boulder,
vbs23-kis-t7,CVHunter,0,0,1673277626214,94680,66355.0,6.0,7.0,6.0,TEXT,JointEmbedding,Temporal CLIP: view down the boulder with forest in the background > a man in cyan shirtclimbing up the boulder,
vbs23-kis-t7,CVHunter,0,0,1673277631285,99751,66355.0,8.0,9.0,8.0,TEXT,JointEmbedding,Temporal CLIP: view down the boulder with forest in the background > a man in cyan shirt climbing up the boulder,
vbs23-kis-t7,CVHunter,1,0,1673277631363,99829,66355.0,inf,inf,inf,BROWSING,DetailWindowClose,14701:5537,
vbs23-kis-t7,CVHunter,1,0,1673277633458,101924,66355.0,inf,inf,inf,BROWSING,DetailWindowOpen,14701:2203,
vbs23-kis-t7,CVHunter,1,0,1673277642123,110589,66355.0,inf,inf,inf,BROWSING,DetailWindowClose,14701:2203,
vbs23-kis-t7,CVHunter,0,0,1673277667667,136133,66355.0,1.0,2.0,2.0,IMAGE,feedbackModel,Temporal Bayes CLIP 15103:1444_8008:6312_15103:469_9633:1606_11396:8489_14701:4496_7184:12595_11396:10467_1189:4406_8008:2962_| group:1|14701:5200_14701:5365_,
vbs23-kis-t7,CVHunter,1,0,1673277671555,140021,66355.0,inf,inf,inf,BROWSING,DetailWindowOpen,14701:5365,
vbs23-kis-t7,CVHunter,1,0,1673277674013,142479,66355.0,inf,inf,inf,BROWSING,DetailWindowClose,14701:5365,
vbs23-kis-t7,CVHunter,1,0,1673277685722,154188,66355.0,inf,inf,inf,BROWSING,VideoDetailClose,14701:5687,1673277584134
vbs23-kis-t7,CVHunter,0,0,1673277688886,157352,66355.0,2.0,3.0,2.0,TEXT,JointEmbedding,Temporal CLIP: view down the boulder with forest in the background > a man in gloves and cyan shirt climbing up the boulder,
vbs23-kis-t7,CVHunter,0,0,1673277691125,159591,66355.0,2.0,3.0,2.0,TEXT,JointEmbedding,Temporal CLIP: view down the boulder with forest in the background > a man in gloves and cyan shirt climbing up the boulder,
vbs23-kis-t7,CVHunter,1,0,1673277694761,163227,66355.0,6.0,447.0,447.0,TEXT,JointEmbedding,CLIP: bolder with forest and man in blue shirt and gloves climbing,
vbs23-kis-t7,CVHunter,1,0,1673277696376,164842,66355.0,6.0,447.0,447.0,TEXT,JointEmbedding,CLIP: bolder with forest and man in blue shirt and gloves climbing,
vbs23-kis-t7,CVHunter,1,0,1673277714409,182875,66355.0,inf,inf,inf,BROWSING,DetailWindowOpen,2031:36966,
vbs23-kis-t7,CVHunter,1,0,1673277717990,186456,66355.0,inf,inf,inf,BROWSING,DetailWindowClose,2031:36966,
vbs23-kis-t7,CVHunter,1,0,1673277742502,210968,66355.0,inf,inf,inf,BROWSING,DetailWindowOpen,13744:1794,
vbs23-kis-t7,CVHunter,0,0,1673277744599,213065,66355.0,1.0,2.0,1.0,IMAGE,feedbackModel,Temporal Bayes CLIP 15103:1444_14701:4496_9633:1981_8008:6325_15103:531_4230:2975_11396:8721_1189:4008_6058:18622_166:599_| group:2|14701:5365_,
vbs23-kis-t7,CVHunter,1,0,1673277746224,214690,66355.0,inf,inf,inf,BROWSING,DetailWindowClose,13744:1794,
vbs23-kis-t7,CVHunter,1,0,1673277748714,217180,66355.0,140.0,3071.0,233.0,IMAGE,JointEmbedding,13744:1794 : rows=True,
vbs23-kis-t7,CVHunter,1,0,1673277787693,256159,66355.0,inf,inf,inf,BROWSING,SimilarityDetailClose,13744:1794,1673277696376
vbs23-kis-t7,CVHunter,1,0,1673277792473,260939,66355.0,6.0,172.0,172.0,TEXT,JointEmbedding,CLIP: bolder with forest and man in blue shirt and gloves climbing in sun,
vbs23-kis-t7,CVHunter,1,0,1673277793877,262343,66355.0,6.0,172.0,172.0,TEXT,JointEmbedding,CLIP: bolder with forest and man in blue shirt and gloves climbing in sun,
vbs23-kis-t7,CVHunter,0,0,1673277799446,267912,66355.0,1.0,11.0,1.0,TEXT,JointEmbedding,Temporal CLIP: topdown view of the boulder with forest in the background > a man in gloves and cyan shirt climbing up the boulder,
vbs23-kis-t7,CVHunter,1,0,1673277801443,269909,66355.0,161.0,6829.0,700.0,IMAGE,JointEmbedding,12742:6502 : rows=True,
vbs23-kis-t7,CVHunter,0,0,1673277801652,270118,66355.0,1.0,11.0,1.0,TEXT,JointEmbedding,Temporal CLIP: topdown view of the boulder with forest in the background > a man in gloves and cyan shirt climbing up the boulder,
vbs23-kis-t7,CVHunter,1,0,1673277831375,299841,66355.0,inf,inf,inf,BROWSING,DetailWindowOpen,423:21069,
vbs23-kis-t7,CVHunter,1,0,1673277834649,303115,66355.0,inf,inf,inf,BROWSING,DetailWindowClose,423:21069,
vbs23-kis-t7,CVHunter,1,0,1673277840220,308686,66355.0,inf,inf,inf,BROWSING,DetailWindowOpen,11867:5275,
vbs23-kis-t7,CVHunter,1,0,1673277844491,312957,66355.0,inf,inf,inf,BROWSING,DetailWindowClose,11867:5275,
vbs23-kis-t7,CVHunter,0,0,1673277866887,335353,66355.0,inf,inf,inf,BROWSING,VideoDetailOpen,2031:13638,
vbs23-kis-t7,CVHunter,1,0,1673277871222,339688,66355.0,inf,inf,inf,BROWSING,SimilarityDetailClose,12742:6502,1673277793877
vbs23-kis-t7,CVHunter,0,0,1673277885057,353523,66355.0,inf,inf,inf,BROWSING,VideoDetailClose,2031:13638,1673277801652.0
vbs23-kis-t7,CVHunter,1,0,1673277889972,358438,66355.0,1.0,22.0,22.0,IMAGE,JointEmbedding,14701:5799 : rows=True,
vbs23-kis-t7,CVHunter,0,0,1673277906507,374973,66355.0,inf,inf,inf,BROWSING,VideoDetailOpen,2031:33522,
vbs23-kis-t7,CVHunter,0,0,1673277911775,380241,66355.0,inf,inf,inf,BROWSING,VideoDetailClose,2031:33522,1673277801652.0
vbs23-kis-t7,CVHunter,1,0,1673277925907,394373,66355.0,inf,inf,inf,BROWSING,SimilarityDetailClose,14701:5799,1673277793877
vbs23-kis-t7,CVHunter,0,0,1673277931947,400413,66355.0,2.0,20.0,2.0,IMAGE,feedbackModel,Temporal Bayes CLIP 14701:4496_15103:8400_7184:17390_423:3304_8008:6288_15103:469_15103:1444_10829:20781_540:8055_13342:16896_| group:1|15103:5275_,
vbs23-kis-t7,CVHunter,1,0,1673277932318,400784,66355.0,17.0,65.0,65.0,TEXT,JointEmbedding,CLIP: bolder with forest and man in blue shirt and gloves climbing in sun with shadow,
vbs23-kis-t7,CVHunter,1,0,1673277933644,402110,66355.0,17.0,65.0,65.0,TEXT,JointEmbedding,CLIP: bolder with forest and man in blue shirt and gloves climbing in sun with shadow,
vbs23-kis-t7,CVHunter,1,0,1673277946446,414912,66355.0,inf,inf,inf,BROWSING,DetailWindowOpen,13271:3654,
vbs23-kis-t7,CVHunter,1,0,1673277950483,418949,66355.0,inf,inf,inf,BROWSING,DetailWindowClose,13271:3654,
vbs23-kis-v5,CVHunter,1,1,1673278561140,14899,52222.0,12.0,12.0,12.0,TEXT,JointEmbedding,CLIP: river with white sand,
vbs23-kis-v5,CVHunter,1,1,1673278562383,16142,52222.0,12.0,12.0,12.0,TEXT,JointEmbedding,CLIP: river with white sand,
vbs23-kis-v5,CVHunter,0,0,1673278569390,23149,52222.0,157.0,157.0,157.0,TEXT,JointEmbedding,CLIP: aerial shot of a sandy river with hills on the back,
vbs23-kis-v5,CVHunter,1,1,1673278569598,23357,52222.0,54.0,62.0,62.0,IMAGE,JointEmbedding,16101:16581 : rows=True,
vbs23-kis-v5,CVHunter,0,0,1673278570851,24610,52222.0,157.0,157.0,157.0,TEXT,JointEmbedding,CLIP: aerial shot of a sandy river with hills on the back,
vbs23-kis-v5,CVHunter,1,1,1673278579677,33436,52222.0,inf,inf,inf,BROWSING,SimilarityDetailClose,16101:16581,1673278562383
vbs23-kis-v5,CVHunter,0,0,1673278589368,43127,52222.0,90.0,90.0,90.0,TEXT,JointEmbedding,CLIP: aerial shot of a sandy river with hills on the back shot is mostly green and white,
vbs23-kis-v5,CVHunter,1,1,1673278589821,43580,52222.0,16.0,16.0,16.0,IMAGE,feedbackModel,Bayes CLIP 5435:17888_12068:3062_14282:11081_12388:2969_15380:2165_11438:1925_6943:5177_16418:16049_6575:1731_15380:1813_| group:1|1340:4481_16101:16581_11226:14872_,
vbs23-kis-v5,CVHunter,0,0,1673278590868,44627,52222.0,90.0,90.0,90.0,TEXT,JointEmbedding,CLIP: aerial shot of a sandy river with hills on the back shot is mostly green and white,
vbs23-kis-v5,CVHunter,1,1,1673278595894,49653,52222.0,inf,inf,inf,BROWSING,DetailWindowOpen,8145:3200,
vbs23-kis-v5,CVHunter,1,1,1673278598407,52166,52222.0,inf,inf,inf,BROWSING,DetailWindowClose,8145:3200,
vbs23-kis-v5,CVHunter,1,1,1673278598528,52287,52222.0,inf,inf,inf,SUBMIT,,?item=08144&frame=3231&session=node0ncp3v4rmms401wddfckpfb4w7912,"{""submission"":""CORRECT"" ""description"":""Submission correct!"" ""status"":true}"
vbs23-kis-v6,CVHunter,1,0,1673278898533,11424,67588.0,1255.0,2900.0,1435.0,TEXT,JointEmbedding,CLIP: paraglading in mountains,
vbs23-kis-v6,CVHunter,1,0,1673278900012,12903,67588.0,1255.0,2900.0,1435.0,TEXT,JointEmbedding,CLIP: paraglading in mountains,
vbs23-kis-v6,CVHunter,0,1,1673278902688,15579,67588.0,58.0,675.0,675.0,TEXT,JointEmbedding,CLIP: paraglider with a yellow parashoot,
vbs23-kis-v6,CVHunter,0,1,1673278904510,17401,67588.0,58.0,675.0,675.0,TEXT,JointEmbedding,CLIP: paraglider with a yellow parashoot,
vbs23-kis-v6,CVHunter,1,0,1673278909112,22003,67588.0,2871.0,7238.0,2984.0,TEXT,JointEmbedding,"CLIP: paraglading in mountains, sk",
vbs23-kis-v6,CVHunter,1,0,1673278910590,23481,67588.0,2871.0,7238.0,2984.0,TEXT,JointEmbedding,"CLIP: paraglading in mountains, sk",
vbs23-kis-v6,CVHunter,1,0,1673278914336,27227,67588.0,318.0,833.0,751.0,TEXT,JointEmbedding,"CLIP: paraglading in mountains, sky",
vbs23-kis-v6,CVHunter,1,0,1673278915616,28507,67588.0,318.0,833.0,751.0,TEXT,JointEmbedding,"CLIP: paraglading in mountains, sky",
vbs23-kis-v6,CVHunter,1,0,1673278920259,33150,67588.0,404.0,879.0,858.0,TEXT,JointEmbedding,"CLIP: paraglading in mountains, sky with clouds",
vbs23-kis-v6,CVHunter,0,1,1673278921525,34416,67588.0,10.0,151.0,151.0,IMAGE,feedbackModel,Bayes CLIP 6528:47381_6621:5747_3947:1004_9657:525_6251:8137_4830:7788_11417:12756_5517:1903_5229:4606_12175:5050_| group:1|15454:706_,
vbs23-kis-v6,CVHunter,1,0,1673278921976,34867,67588.0,404.0,879.0,858.0,TEXT,JointEmbedding,"CLIP: paraglading in mountains, sky with clouds",
vbs23-kis-v6,CVHunter,1,0,1673278932478,45369,67588.0,265.0,690.0,690.0,IMAGE,feedbackModel,Bayes CLIP 8281:4540_11750:7612_58:56512_12072:3746_7474:4368_7038:2210_3862:5800_10009:5928_7386:1862_10982:9006_| group:1|5814:4938_,
vbs23-kis-v6,CVHunter,0,1,1673278942996,55887,67588.0,inf,inf,inf,BROWSING,DetailWindowOpen,5229:1219,
vbs23-kis-v6,CVHunter,0,1,1673278954151,67042,67588.0,inf,inf,inf,BROWSING,DetailWindowClose,5229:1219,
vbs23-kis-v6,CVHunter,0,1,1673278954251,67142,67588.0,inf,inf,inf,SUBMIT,,?item=05228&frame=1056&session=node0mq1oq40r6jl01v9ijyl85bqtx1254,"{""submission"":""CORRECT"" ""description"":""Submission correct!"" ""status"":true}"
vbs23-kis-v-m1,CVHunter,0,0,1673270886256,11401,111373.0,182.0,380.0,182.0,TEXT,JointEmbedding,CLIP: shipwreck with fishes,
vbs23-kis-v-m1,CVHunter,0,0,1673270887189,12334,111373.0,182.0,380.0,182.0,TEXT,JointEmbedding,CLIP: shipwreck with fishes,
vbs23-kis-v-m1,CVHunter,1,1,1673270891132,16277,111373.0,280.0,inf,inf,TEXT,JointEmbedding,CLIP: wrackship with parrot fish,
vbs23-kis-v-m1,CVHunter,1,1,1673270892101,17246,111373.0,280.0,inf,inf,TEXT,JointEmbedding,CLIP: wrackship with parrot fish,
vbs23-kis-v-m1,CVHunter,0,0,1673270895995,21140,111373.0,inf,inf,inf,BROWSING,VideoDetailOpen,1168:7,
vbs23-kis-v-m1,CVHunter,0,0,1673270898568,23713,111373.0,inf,inf,inf,BROWSING,VideoDetailClose,1168:7,1673270887189.0
vbs23-kis-v-m1,CVHunter,0,0,1673270905635,30780,111373.0,inf,inf,inf,BROWSING,VideoDetailOpen,1165:1071,
vbs23-kis-v-m1,CVHunter,0,0,1673270908528,33673,111373.0,inf,inf,inf,BROWSING,VideoDetailClose,1165:1071,1673270887189.0
vbs23-kis-v-m1,CVHunter,1,1,1673270913945,39090,111373.0,253.0,1322.0,669.0,TEXT,JointEmbedding,CLIP: shipwreck with parrot fish,
vbs23-kis-v-m1,CVHunter,1,1,1673270915016,40161,111373.0,253.0,1322.0,669.0,TEXT,JointEmbedding,CLIP: shipwreck with parrot fish,
vbs23-kis-v-m1,CVHunter,0,0,1673270920628,45773,111373.0,204.0,496.0,204.0,TEXT,JointEmbedding,CLIP: shipwreck with white grey fish,
vbs23-kis-v-m1,CVHunter,1,1,1673270921011,46156,111373.0,inf,inf,inf,BROWSING,DetailWindowOpen,1235:1139,
vbs23-kis-v-m1,CVHunter,0,0,1673270921624,46769,111373.0,204.0,496.0,204.0,TEXT,JointEmbedding,CLIP: shipwreck with white grey fish,
vbs23-kis-v-m1,CVHunter,1,1,1673270930420,55565,111373.0,inf,inf,inf,BROWSING,DetailWindowClose,1235:1139,
vbs23-kis-v-m1,CVHunter,0,0,1673270933359,58504,111373.0,3054.0,3560.0,3560.0,IMAGE,feedbackModel,Bayes CLIP 1107:202_1161:337_1318:412_774:315_1109:592_1332:195_1167:67_29:135_260:187_309:1095_| group:1|1168:7_1149:15_,
vbs23-kis-v-m1,CVHunter,1,1,1673270934272,59417,111373.0,inf,inf,inf,BROWSING,VideoDetailOpen,1235:1139,
vbs23-kis-v-m1,CVHunter,1,1,1673270938315,63460,111373.0,inf,inf,inf,BROWSING,VideoDetailClose,1235:1139,1673270915016
vbs23-kis-v-m1,CVHunter,1,1,1673270941578,66723,111373.0,18.0,277.0,55.0,IMAGE,JointEmbedding,1235:1139 : rows=True,
vbs23-kis-v-m1,CVHunter,1,1,1673270946670,71815,111373.0,inf,inf,inf,BROWSING,DetailWindowOpen,1234:914,
vbs23-kis-v-m1,CVHunter,1,1,1673270952981,78126,111373.0,inf,inf,inf,BROWSING,DetailWindowClose,1234:914,
vbs23-kis-v-m1,CVHunter,1,1,1673270955490,80635,111373.0,inf,inf,inf,BROWSING,VideoDetailOpen,1234:914,
vbs23-kis-v-m1,CVHunter,1,1,1673270960871,86016,111373.0,inf,inf,inf,BROWSING,VideoDetailClose,1234:914,1673270941578
vbs23-kis-v-m1,CVHunter,1,1,1673270973207,98352,111373.0,1.0,10.0,10.0,IMAGE,JointEmbedding,1118:607 : rows=True,
vbs23-kis-v-m1,CVHunter,1,1,1673270976511,101656,111373.0,inf,inf,inf,BROWSING,TextSuggestionSelected,deep hydrothermal vent,
vbs23-kis-v-m1,CVHunter,1,1,1673270977721,102866,111373.0,inf,inf,inf,BROWSING,VideoDetailOpen,1118:427,
vbs23-kis-v-m1,CVHunter,1,1,1673270982051,107196,111373.0,inf,inf,inf,BROWSING,DetailWindowOpen,1118:112,
vbs23-kis-v-m1,CVHunter,1,1,1673270986155,111300,111373.0,inf,inf,inf,BROWSING,DetailWindowClose,1118:112,
vbs23-kis-v-m1,CVHunter,1,1,1673270986237,111382,111373.0,inf,inf,inf,SUBMIT,,?item=Tulamben1_Jun2022_0025&frame=180&session=node0qhz2c6y6svpqcrc8pk4udppt1231,"{""submission"":""CORRECT"" ""description"":""Submission correct!"" ""status"":true}"
vbs23-kis-v-m2,CVHunter,1,1,1673271260411,10049,82595.0,39.0,183.0,183.0,TEXT,JointEmbedding,CLIP: diver in red water,
vbs23-kis-v-m2,CVHunter,1,1,1673271261339,10977,82595.0,39.0,183.0,183.0,TEXT,JointEmbedding,CLIP: diver in red water,
vbs23-kis-v-m2,CVHunter,0,0,1673271267723,17361,82595.0,359.0,927.0,359.0,TEXT,JointEmbedding,CLIP: diver with bubbles on a rocks,
vbs23-kis-v-m2,CVHunter,0,0,1673271268696,18334,82595.0,359.0,927.0,359.0,TEXT,JointEmbedding,CLIP: diver with bubbles on a rocks,
vbs23-kis-v-m2,CVHunter,1,1,1673271270073,19711,82595.0,inf,inf,inf,BROWSING,DetailWindowOpen,234:7,
vbs23-kis-v-m2,CVHunter,1,1,1673271275670,25308,82595.0,inf,inf,inf,BROWSING,DetailWindowClose,234:7,
vbs23-kis-v-m2,CVHunter,0,0,1673271276549,26187,82595.0,110.0,818.0,180.0,IMAGE,feedbackModel,Bayes CLIP 370:142_370:435_1281:232_421:225_477:277_375:188_196:277_518:240_510:97_188:360_| group:1|237:1214_237:1371_,
vbs23-kis-v-m2,CVHunter,1,1,1673271277646,27284,82595.0,inf,inf,inf,BROWSING,DetailWindowOpen,234:37,
vbs23-kis-v-m2,CVHunter,1,1,1673271279555,29193,82595.0,inf,inf,inf,BROWSING,DetailWindowClose,234:37,
vbs23-kis-v-m2,CVHunter,1,1,1673271281853,31491,82595.0,inf,inf,inf,BROWSING,DetailWindowOpen,450:37,
vbs23-kis-v-m2,CVHunter,1,1,1673271284356,33994,82595.0,inf,inf,inf,BROWSING,DetailWindowClose,450:37,
vbs23-kis-v-m2,CVHunter,0,0,1673271287195,36833,82595.0,inf,inf,inf,BROWSING,DetailWindowOpen,491:127,
vbs23-kis-v-m2,CVHunter,0,0,1673271296128,45766,82595.0,inf,inf,inf,BROWSING,DetailWindowClose,491:127,
vbs23-kis-v-m2,CVHunter,1,1,1673271298858,48496,82595.0,13.0,32.0,32.0,IMAGE,feedbackModel,Bayes CLIP 516:1116_220:337_228:337_228:322_483:247_519:405_518:577_228:1109_519:390_526:375_| group:1|234:7_450:7_484:202_,
vbs23-kis-v-m2,CVHunter,0,0,1673271302899,52537,82595.0,inf,inf,inf,BROWSING,VideoDetailOpen,491:127,
vbs23-kis-v-m2,CVHunter,1,1,1673271310045,59683,82595.0,inf,inf,inf,BROWSING,DetailWindowOpen,522:809,
vbs23-kis-v-m2,CVHunter,0,0,1673271311996,61634,82595.0,inf,inf,inf,BROWSING,VideoDetailClose,491:127,1673271276549.0
vbs23-kis-v-m2,CVHunter,1,1,1673271315397,65035,82595.0,inf,inf,inf,BROWSING,DetailWindowClose,522:809,
vbs23-kis-v-m2,CVHunter,1,1,1673271317426,67064,82595.0,1.0,13.0,13.0,IMAGE,JointEmbedding,522:809 : rows=True,
vbs23-kis-v-m2,CVHunter,1,1,1673271323053,72691,82595.0,inf,inf,inf,BROWSING,DetailWindowOpen,522:809,
vbs23-kis-v-m2,CVHunter,0,0,1673271326312,75950,82595.0,55.0,55.0,55.0,TEXT,JointEmbedding,CLIP: diver with a rope,
vbs23-kis-v-m2,CVHunter,0,0,1673271327270,76908,82595.0,55.0,55.0,55.0,TEXT,JointEmbedding,CLIP: diver with a rope,
vbs23-kis-v-m2,CVHunter,1,1,1673271332870,82508,82595.0,inf,inf,inf,BROWSING,DetailWindowClose,522:809,
vbs23-kis-v-m2,CVHunter,1,1,1673271333006,82644,82595.0,inf,inf,inf,SUBMIT,,?item=Molokini_Jul2022_0077&frame=337&session=node0qhz2c6y6svpqcrc8pk4udppt1231,"{""submission"":""CORRECT"" ""description"":""Submission correct!"" ""status"":true}"
vbs23-kis-v-m3,CVHunter,0,0,1673271634995,11338,28304.0,214.0,630.0,214.0,TEXT,JointEmbedding,CLIP: murena fish with white corals,
vbs23-kis-v-m3,CVHunter,1,1,1673271635293,11636,28304.0,42.0,42.0,42.0,TEXT,JointEmbedding,CLIP: pointed krait,
vbs23-kis-v-m3,CVHunter,0,0,1673271635982,12325,28304.0,214.0,630.0,214.0,TEXT,JointEmbedding,CLIP: murena fish with white corals,
vbs23-kis-v-m3,CVHunter,1,1,1673271636430,12773,28304.0,42.0,42.0,42.0,TEXT,JointEmbedding,CLIP: pointed krait,
vbs23-kis-v-m3,CVHunter,1,1,1673271643824,20167,28304.0,1.0,1.0,1.0,IMAGE,JointEmbedding,661:375 : rows=True,
vbs23-kis-v-m3,CVHunter,0,0,1673271645933,22276,28304.0,inf,inf,inf,BROWSING,TextSuggestionSelected,green moray eel,
vbs23-kis-v-m3,CVHunter,1,1,1673271646194,22537,28304.0,inf,inf,inf,BROWSING,DetailWindowOpen,661:375,
vbs23-kis-v-m3,CVHunter,0,0,1673271648053,24396,28304.0,532.0,546.0,532.0,TEXT,JointEmbedding,CLIP: murena fish with white corals green moray eel,
vbs23-kis-v-m3,CVHunter,1,1,1673271651902,28245,28304.0,inf,inf,inf,BROWSING,DetailWindowClose,661:375,
vbs23-kis-v-m3,CVHunter,1,1,1673271651985,28328,28304.0,inf,inf,inf,SUBMIT,,?item=Oahu1_Jul2022_0008&frame=300&session=node0qhz2c6y6svpqcrc8pk4udppt1231,"{""submission"":""CORRECT"" ""description"":""Submission correct!"" ""status"":true}"
vbs23-kis-v-m4,CVHunter,1,0,1673272389783,16598,,3762.0,inf,inf,TEXT,JointEmbedding,CLIP: ocea bed with pillar corals and black fishes,
vbs23-kis-v-m4,CVHunter,0,0,1673272390121,16936,,5027.0,5027.0,5027.0,TEXT,JointEmbedding,CLIP: seabed with small corals and fish swarm,
vbs23-kis-v-m4,CVHunter,1,0,1673272390980,17795,,3762.0,inf,inf,TEXT,JointEmbedding,CLIP: ocea bed with pillar corals and black fishes,
vbs23-kis-v-m4,CVHunter,0,0,1673272391108,17923,,5027.0,5027.0,5027.0,TEXT,JointEmbedding,CLIP: seabed with small corals and fish swarm,
vbs23-kis-v-m4,CVHunter,0,0,1673272395998,22813,,inf,inf,inf,BROWSING,TextSuggestionSelected,smooth mounding coral,
vbs23-kis-v-m4,CVHunter,0,0,1673272397450,24265,,1780.0,2776.0,2776.0,TEXT,JointEmbedding,CLIP: seabed with small corals and fish swarm smooth mounding coral,
vbs23-kis-v-m4,CVHunter,0,0,1673272415653,42468,,272.0,490.0,490.0,IMAGE,feedbackModel,Bayes CLIP 1056:6511_485:1199_501:307_1054:1594_672:142_1057:2615_1002:802_964:187_1057:4660_685:637_| group:1|671:637_,
vbs23-kis-v-m4,CVHunter,1,0,1673272423530,50345,,inf,inf,inf,IMAGE,JointEmbedding,372:472 : rows=True,
vbs23-kis-v-m4,CVHunter,1,0,1673272428844,55659,,inf,inf,inf,IMAGE,JointEmbedding,380:660 : rows=True,
vbs23-kis-v-m4,CVHunter,1,0,1673272436378,63193,,inf,inf,inf,BROWSING,SimilarityDetailClose,372:472,1673272390980
vbs23-kis-v-m4,CVHunter,0,0,1673272438608,65423,,247.0,541.0,485.0,IMAGE,feedbackModel,Bayes CLIP 671:637_499:704_654:757_495:674_610:764_495:1431_630:592_654:682_641:472_642:817_| group:1|407:1371_668:45_,
vbs23-kis-v-m4,CVHunter,1,0,1673272442922,69737,,4436.0,inf,inf,TEXT,JointEmbedding,CLIP: ocea bed with pillar corals and black fishes in reddish water,
vbs23-kis-v-m4,CVHunter,1,0,1673272443955,70770,,4436.0,inf,inf,TEXT,JointEmbedding,CLIP: ocea bed with pillar corals and black fishes in reddish water,
vbs23-kis-v-m4,CVHunter,0,0,1673272446001,72816,,inf,inf,inf,BROWSING,DetailWindowOpen,668:45,
vbs23-kis-v-m4,CVHunter,0,0,1673272450283,77098,,inf,inf,inf,BROWSING,DetailWindowClose,668:45,
vbs23-kis-v-m4,CVHunter,0,0,1673272451255,78070,,inf,inf,inf,BROWSING,DetailWindowOpen,787:1349,
vbs23-kis-v-m4,CVHunter,0,0,1673272457071,83886,,inf,inf,inf,BROWSING,DetailWindowClose,787:1349,
vbs23-kis-v-m4,CVHunter,0,0,1673272463261,90076,,inf,inf,inf,BROWSING,DetailWindowOpen,407:1371,
vbs23-kis-v-m4,CVHunter,0,0,1673272465026,91841,,inf,inf,inf,BROWSING,DetailWindowClose,407:1371,
vbs23-kis-v-m4,CVHunter,1,0,1673272475453,102268,,1661.0,inf,inf,IMAGE,JointEmbedding,380:652 : rows=True,
vbs23-kis-v-m4,CVHunter,1,0,1673272478414,105229,,inf,inf,inf,BROWSING,SimilarityDetailClose,380:652,1673272443955
vbs23-kis-v-m4,CVHunter,1,0,1673272483377,110192,,2801.0,5403.0,3894.0,IMAGE,feedbackModel,Bayes CLIP 877:270_225:367_454:1341_877:225_380:45_378:862_1288:270_1054:1594_285:352_538:1011_| group:1|380:652_382:52_,
vbs23-kis-v-m4,CVHunter,0,0,1673272485324,112139,,inf,inf,inf,BROWSING,DetailWindowOpen,407:1274,
vbs23-kis-v-m4,CVHunter,0,0,1673272486954,113769,,inf,inf,inf,BROWSING,DetailWindowClose,407:1274,
vbs23-kis-v-m4,CVHunter,1,0,1673272499377,126192,,inf,inf,inf,BROWSING,DetailWindowOpen,381:150,
vbs23-kis-v-m4,CVHunter,1,0,1673272503339,130154,,inf,inf,inf,BROWSING,DetailWindowClose,381:150,
vbs23-kis-v-m4,CVHunter,1,0,1673272506457,133272,,inf,inf,inf,BROWSING,VideoDetailOpen,383:195,
vbs23-kis-v-m4,CVHunter,1,0,1673272509507,136322,,inf,inf,inf,BROWSING,VideoDetailClose,383:195,1673272483377
vbs23-kis-v-m4,CVHunter,0,0,1673272510454,137269,,454.0,1026.0,611.0,IMAGE,feedbackModel,Bayes CLIP 671:637_671:112_671:674_605:899_656:135_864:112_795:772_247:1379_408:450_611:60_| group:1|668:45_407:1274_403:390_,
vbs23-kis-v-m4,CVHunter,0,0,1673272514891,141706,,inf,inf,inf,BROWSING,DetailWindowOpen,668:45,
vbs23-kis-v-m4,CVHunter,0,0,1673272521242,148057,,inf,inf,inf,BROWSING,DetailWindowClose,668:45,
vbs23-kis-v-m4,CVHunter,1,0,1673272523607,150422,,inf,inf,inf,BROWSING,TextSuggestionSelected,pillar coral,
vbs23-kis-v-m4,CVHunter,1,0,1673272534620,161435,,1510.0,6060.0,4742.0,IMAGE,feedbackModel,Bayes CLIP 381:728_385:818_360:255_381:608_381:270_379:1710_380:645_383:270_106:922_381:495_| group:1|380:690_677:322_125:105_,
vbs23-kis-v-m4,CVHunter,0,0,1673272539597,166412,,inf,inf,inf,BROWSING,DetailWindowOpen,127:345,
vbs23-kis-v-m4,CVHunter,0,0,1673272547900,174715,,inf,inf,inf,BROWSING,DetailWindowClose,127:345,
vbs23-kis-v-m4,CVHunter,1,0,1673272555037,181852,,inf,inf,inf,BROWSING,TextSuggestionSelected,pillar coral,
vbs23-kis-v-m4,CVHunter,0,0,1673272557273,184088,,inf,inf,inf,BROWSING,DetailWindowOpen,143:1042,
vbs23-kis-v-m4,CVHunter,0,0,1673272560430,187245,,inf,inf,inf,BROWSING,DetailWindowClose,143:1042,
vbs23-kis-v-m4,CVHunter,1,0,1673272566272,193087,,1284.0,5478.0,3961.0,IMAGE,feedbackModel,Bayes CLIP 380:660_380:645_372:38_125:105_385:735_381:45_148:622_150:315_130:8_791:345_| group:1|685:112_791:292_383:292_638:150_,
vbs23-kis-v-m4,CVHunter,0,0,1673272571490,198305,,inf,inf,inf,BROWSING,DetailWindowOpen,381:210,
vbs23-kis-v-m4,CVHunter,0,0,1673272575937,202752,,inf,inf,inf,BROWSING,DetailWindowClose,381:210,
vbs23-kis-v-m4,CVHunter,0,0,1673272580557,207372,,inf,inf,inf,BROWSING,DetailWindowOpen,384:780,
vbs23-kis-v-m4,CVHunter,1,0,1673272580848,207663,,819.0,inf,1197.0,IMAGE,JointEmbedding,642:532 : rows=True,
vbs23-kis-v-m4,CVHunter,0,0,1673272584159,210974,,inf,inf,inf,BROWSING,DetailWindowClose,384:780,
vbs23-kis-v-m4,CVHunter,1,0,1673272601972,228787,,184.0,890.0,184.0,IMAGE,JointEmbedding,610:502 : rows=True,
vbs23-kis-v-m4,CVHunter,0,0,1673272614042,240857,,250.0,359.0,359.0,IMAGE,feedbackModel,Bayes CLIP 668:45_432:779_432:1139_791:435_407:1019_665:997_611:180_408:337_611:367_488:599_| group:1|384:780_909:112_,
vbs23-kis-v-m4,CVHunter,1,0,1673272628309,255124,,148.0,1764.0,928.0,IMAGE,JointEmbedding,639:554 : rows=True,
vbs23-kis-v-m4,CVHunter,0,0,1673272649800,276615,,inf,inf,inf,BROWSING,DetailWindowOpen,384:98,
vbs23-kis-v-m4,CVHunter,0,0,1673272656058,282873,,inf,inf,inf,BROWSING,DetailWindowClose,384:98,
vbs23-kis-v-m4,CVHunter,1,0,1673272656569,283384,,inf,inf,inf,BROWSING,DetailWindowOpen,592:997,
vbs23-kis-v-m4,CVHunter,1,0,1673272662118,288933,,inf,inf,inf,BROWSING,DetailWindowClose,592:997,
vbs23-kis-v-m4,CVHunter,1,0,1673272665824,292639,,inf,inf,inf,BROWSING,VideoDetailOpen,601:420,
vbs23-kis-v-m4,CVHunter,1,0,1673272670289,297104,,inf,inf,inf,BROWSING,DetailWindowOpen,601:142,
vbs23-kis-v-m4,CVHunter,1,0,1673272672143,298958,,inf,inf,inf,BROWSING,DetailWindowClose,601:142,
vbs23-kis-v-m5,CVHunter,0,1,1673272770698,17408,38507.0,5.0,5.0,5.0,TEXT,JointEmbedding,CLIP: diver on his back over turqois sand,
vbs23-kis-v-m5,CVHunter,0,1,1673272771697,18407,38507.0,5.0,5.0,5.0,TEXT,JointEmbedding,CLIP: diver on his back over turqois sand,
vbs23-kis-v-m5,CVHunter,1,0,1673272784485,31195,38507.0,1.0,1.0,1.0,TEXT,JointEmbedding,CLIP: diver with zellow fish shoes,
vbs23-kis-v-m5,CVHunter,0,1,1673272784789,31499,38507.0,1.0,1.0,1.0,IMAGE,feedbackModel,Bayes CLIP 386:232_235:584_835:3165_418:127_411:285_838:270_208:1573_387:368_790:202_773:217_| group:1|295:225_,
vbs23-kis-v-m5,CVHunter,1,0,1673272787905,34615,38507.0,inf,inf,inf,BROWSING,DetailWindowOpen,295:225,
vbs23-kis-v-m5,CVHunter,0,1,1673272791490,38200,38507.0,inf,inf,inf,SUBMIT,,?item=Lanai_Jul2022_0131&frame=225&session=node012hseq3p8lyhgudb45rgqzlm91232,"{""submission"":""CORRECT"" ""description"":""Submission correct!"" ""status"":true}"
vbs23-kis-v-m7,CVHunter,1,0,1673273131018,8650,14287.0,32.0,32.0,32.0,TEXT,JointEmbedding,CLIP: sea star in dark,
vbs23-kis-v-m7,CVHunter,0,1,1673273132614,10246,14287.0,9.0,9.0,9.0,TEXT,JointEmbedding,CLIP: yellow star in the cone of light,
vbs23-kis-v-m7,CVHunter,0,1,1673273133577,11209,14287.0,9.0,9.0,9.0,TEXT,JointEmbedding,CLIP: yellow star in the cone of light,
vbs23-kis-v-m7,CVHunter,1,0,1673273135536,13168,14287.0,inf,inf,inf,BROWSING,DetailWindowOpen,1351:187,
vbs23-kis-v-m7,CVHunter,0,1,1673273136330,13962,14287.0,inf,inf,inf,SUBMIT,,?item=Tulamben_Jun2022_0082&frame=187&session=node012hseq3p8lyhgudb45rgqzlm91232,"{""submission"":""CORRECT"" ""description"":""Submission correct!"" ""status"":true}"
